dataset,task,protocol,subject,n_test,acc_inductive,acc_transductive,delta
eegbci,imagery_left_right_fist,subject_disjoint,1,45,0.688889,0.711111,0.0222222
eegbci,imagery_left_right_fist,subject_disjoint,2,45,0.866667,0.866667,0
eegbci,imagery_left_right_fist,subject_disjoint,3,45,0.422222,0.4,-0.0222222
eegbci,imagery_left_right_fist,subject_disjoint,4,45,0.488889,0.488889,0
eegbci,imagery_left_right_fist,subject_disjoint,5,45,0.533333,0.533333,0
eegbci,imagery_left_right_fist,subject_disjoint,6,45,0.4,0.4,0
eegbci,imagery_left_right_fist,subject_disjoint,7,45,0.511111,0.511111,0
eegbci,imagery_left_right_fist,subject_disjoint,8,45,0.577778,0.577778,0
eegbci,imagery_left_right_fist,subject_disjoint,9,45,0.555556,0.555556,0
eegbci,imagery_left_right_fist,subject_disjoint,10,45,0.511111,0.511111,0
eegbci,imagery_left_right_fist,subject_disjoint,11,45,0.511111,0.511111,0
eegbci,imagery_left_right_fist,subject_disjoint,12,45,0.444444,0.444444,0
eegbci,imagery_left_right_fist,subject_disjoint,13,45,0.622222,0.622222,0
eegbci,imagery_left_right_fist,subject_disjoint,14,45,0.488889,0.488889,0
eegbci,imagery_left_right_fist,subject_disjoint,15,45,0.688889,0.688889,0
eegbci,imagery_left_right_fist,subject_disjoint,16,45,0.533333,0.533333,0
eegbci,imagery_left_right_fist,subject_disjoint,17,45,0.555556,0.555556,0
eegbci,imagery_left_right_fist,subject_disjoint,18,45,0.555556,0.555556,0
eegbci,imagery_left_right_fist,subject_disjoint,19,45,0.511111,0.511111,0
eegbci,imagery_left_right_fist,subject_disjoint,20,45,0.644444,0.644444,0
eegbci,imagery_left_right_fist,subject_disjoint,21,45,0.466667,0.466667,0
eegbci,imagery_left_right_fist,subject_disjoint,22,45,0.555556,0.555556,0
eegbci,imagery_left_right_fist,subject_disjoint,23,45,0.644444,0.644444,0
eegbci,imagery_left_right_fist,subject_disjoint,24,45,0.555556,0.555556,0
eegbci,imagery_left_right_fist,subject_disjoint,25,45,0.555556,0.555556,0
eegbci,imagery_left_right_fist,subject_disjoint,26,45,0.666667,0.666667,0
eegbci,imagery_left_right_fist,subject_disjoint,27,45,0.733333,0.711111,-0.0222222
eegbci,imagery_left_right_fist,subject_disjoint,28,45,0.533333,0.533333,0
eegbci,imagery_left_right_fist,subject_disjoint,29,45,0.755556,0.711111,-0.0444444
eegbci,imagery_left_right_fist,subject_disjoint,30,45,0.577778,0.555556,-0.0222222
eegbci,imagery_left_right_fist,subject_disjoint,31,45,0.822222,0.822222,0
eegbci,imagery_left_right_fist,subject_disjoint,32,45,0.644444,0.644444,0
eegbci,imagery_left_right_fist,subject_disjoint,33,45,0.755556,0.777778,0.0222222
eegbci,imagery_left_right_fist,subject_disjoint,34,43,0.813953,0.790698,-0.0232558
eegbci,imagery_left_right_fist,subject_disjoint,35,45,0.711111,0.711111,0
eegbci,imagery_left_right_fist,subject_disjoint,36,45,0.533333,0.555556,0.0222222
eegbci,imagery_left_right_fist,subject_disjoint,37,43,0.604651,0.604651,0
eegbci,imagery_left_right_fist,subject_disjoint,38,45,0.466667,0.466667,0
eegbci,imagery_left_right_fist,subject_disjoint,39,45,0.4,0.422222,0.0222222
eegbci,imagery_left_right_fist,subject_disjoint,40,45,0.533333,0.533333,0
eegbci,imagery_left_right_fist,subject_disjoint,41,44,0.590909,0.590909,0
eegbci,imagery_left_right_fist,subject_disjoint,42,45,0.933333,0.933333,0
eegbci,imagery_left_right_fist,subject_disjoint,43,45,0.555556,0.577778,0.0222222
eegbci,imagery_left_right_fist,subject_disjoint,44,45,0.533333,0.533333,0
eegbci,imagery_left_right_fist,subject_disjoint,45,45,0.488889,0.488889,0
eegbci,imagery_left_right_fist,subject_disjoint,46,45,0.6,0.6,0
eegbci,imagery_left_right_fist,subject_disjoint,47,45,0.333333,0.333333,0
eegbci,imagery_left_right_fist,subject_disjoint,48,45,0.622222,0.622222,0
eegbci,imagery_left_right_fist,subject_disjoint,49,45,0.688889,0.688889,0
eegbci,imagery_left_right_fist,subject_disjoint,50,45,0.6,0.622222,0.0222222
eegbci,imagery_left_right_fist,subject_disjoint,51,45,0.8,0.8,0
eegbci,imagery_left_right_fist,subject_disjoint,52,45,0.6,0.6,0
eegbci,imagery_left_right_fist,subject_disjoint,53,45,0.466667,0.466667,0
eegbci,imagery_left_right_fist,subject_disjoint,54,45,0.488889,0.488889,0
eegbci,imagery_left_right_fist,subject_disjoint,55,45,0.688889,0.688889,0
eegbci,imagery_left_right_fist,subject_disjoint,56,45,0.733333,0.733333,0
eegbci,imagery_left_right_fist,subject_disjoint,57,45,0.711111,0.688889,-0.0222222
eegbci,imagery_left_right_fist,subject_disjoint,58,45,0.488889,0.488889,0
eegbci,imagery_left_right_fist,subject_disjoint,59,45,0.533333,0.533333,0
eegbci,imagery_left_right_fist,subject_disjoint,60,45,0.711111,0.711111,0
eegbci,imagery_left_right_fist,subject_disjoint,61,45,0.533333,0.533333,0
eegbci,imagery_left_right_fist,subject_disjoint,62,45,0.688889,0.666667,-0.0222222
eegbci,imagery_left_right_fist,subject_disjoint,63,45,0.444444,0.444444,0
eegbci,imagery_left_right_fist,subject_disjoint,64,44,0.613636,0.636364,0.0227273
eegbci,imagery_left_right_fist,subject_disjoint,65,45,0.644444,0.644444,0
eegbci,imagery_left_right_fist,subject_disjoint,66,45,0.577778,0.577778,0
eegbci,imagery_left_right_fist,subject_disjoint,67,45,0.6,0.577778,-0.0222222
eegbci,imagery_left_right_fist,subject_disjoint,68,45,0.622222,0.622222,0
eegbci,imagery_left_right_fist,subject_disjoint,69,45,0.622222,0.622222,0
eegbci,imagery_left_right_fist,subject_disjoint,70,45,0.622222,0.622222,0
eegbci,imagery_left_right_fist,subject_disjoint,71,45,0.777778,0.777778,0
eegbci,imagery_left_right_fist,subject_disjoint,72,43,0.860465,0.860465,0
eegbci,imagery_left_right_fist,subject_disjoint,73,42,0.809524,0.809524,0
eegbci,imagery_left_right_fist,subject_disjoint,74,43,0.511628,0.511628,0
eegbci,imagery_left_right_fist,subject_disjoint,75,45,0.577778,0.577778,0
eegbci,imagery_left_right_fist,subject_disjoint,76,42,0.547619,0.547619,0
eegbci,imagery_left_right_fist,subject_disjoint,77,45,0.533333,0.511111,-0.0222222
eegbci,imagery_left_right_fist,subject_disjoint,78,45,0.488889,0.488889,0
eegbci,imagery_left_right_fist,subject_disjoint,79,45,0.622222,0.622222,0
eegbci,imagery_left_right_fist,subject_disjoint,80,45,0.555556,0.555556,0
eegbci,imagery_left_right_fist,subject_disjoint,81,45,0.488889,0.488889,0
eegbci,imagery_left_right_fist,subject_disjoint,82,45,0.622222,0.6,-0.0222222
eegbci,imagery_left_right_fist,subject_disjoint,83,45,0.488889,0.488889,0
eegbci,imagery_left_right_fist,subject_disjoint,84,45,0.555556,0.533333,-0.0222222
eegbci,imagery_left_right_fist,subject_disjoint,85,45,0.866667,0.888889,0.0222222
eegbci,imagery_left_right_fist,subject_disjoint,86,45,0.711111,0.711111,0
eegbci,imagery_left_right_fist,subject_disjoint,87,45,0.6,0.6,0
eegbci,imagery_left_right_fist,subject_disjoint,88,57,0.578947,0.561404,-0.0175439
eegbci,imagery_left_right_fist,subject_disjoint,89,45,0.622222,0.644444,0.0222222
eegbci,imagery_left_right_fist,subject_disjoint,90,45,0.622222,0.622222,0
eegbci,imagery_left_right_fist,subject_disjoint,91,45,0.533333,0.533333,0
eegbci,imagery_left_right_fist,subject_disjoint,92,57,0.596491,0.596491,0
eegbci,imagery_left_right_fist,subject_disjoint,93,45,0.755556,0.777778,0.0222222
eegbci,imagery_left_right_fist,subject_disjoint,94,45,0.711111,0.711111,0
eegbci,imagery_left_right_fist,subject_disjoint,95,45,0.511111,0.511111,0
eegbci,imagery_left_right_fist,subject_disjoint,96,45,0.622222,0.6,-0.0222222
eegbci,imagery_left_right_fist,subject_disjoint,97,45,0.533333,0.533333,0
eegbci,imagery_left_right_fist,subject_disjoint,98,45,0.6,0.622222,0.0222222
eegbci,imagery_left_right_fist,subject_disjoint,99,45,0.533333,0.533333,0
eegbci,imagery_left_right_fist,subject_disjoint,100,36,0.5,0.5,0
eegbci,imagery_left_right_fist,subject_disjoint,101,45,0.488889,0.488889,0
eegbci,imagery_left_right_fist,subject_disjoint,102,42,0.547619,0.52381,-0.0238095
eegbci,imagery_left_right_fist,subject_disjoint,103,45,0.533333,0.533333,0
eegbci,imagery_left_right_fist,subject_disjoint,104,42,0.404762,0.404762,0
eegbci,imagery_left_right_fist,subject_disjoint,105,45,0.644444,0.644444,0
eegbci,imagery_left_right_fist,subject_disjoint,106,45,0.488889,0.488889,0
eegbci,imagery_left_right_fist,subject_disjoint,107,45,0.555556,0.555556,0
eegbci,imagery_left_right_fist,subject_disjoint,108,45,0.6,0.6,0
eegbci,imagery_left_right_fist,subject_disjoint,109,45,0.511111,0.511111,0
eegbci,real_left_right_fist,subject_disjoint,1,45,0.644444,0.644444,0
eegbci,real_left_right_fist,subject_disjoint,2,45,0.733333,0.733333,0
eegbci,real_left_right_fist,subject_disjoint,3,45,0.622222,0.622222,0
eegbci,real_left_right_fist,subject_disjoint,4,45,0.666667,0.666667,0
eegbci,real_left_right_fist,subject_disjoint,5,45,0.6,0.622222,0.0222222
eegbci,real_left_right_fist,subject_disjoint,6,45,0.533333,0.533333,0
eegbci,real_left_right_fist,subject_disjoint,7,45,0.511111,0.511111,0
eegbci,real_left_right_fist,subject_disjoint,8,45,0.533333,0.533333,0
eegbci,real_left_right_fist,subject_disjoint,9,45,0.777778,0.777778,0
eegbci,real_left_right_fist,subject_disjoint,10,45,0.755556,0.755556,0
eegbci,real_left_right_fist,subject_disjoint,11,45,0.533333,0.533333,0
eegbci,real_left_right_fist,subject_disjoint,12,45,0.533333,0.533333,0
eegbci,real_left_right_fist,subject_disjoint,13,45,0.777778,0.777778,0
eegbci,real_left_right_fist,subject_disjoint,14,45,0.533333,0.533333,0
eegbci,real_left_right_fist,subject_disjoint,15,45,0.644444,0.644444,0
eegbci,real_left_right_fist,subject_disjoint,16,45,0.733333,0.733333,0
eegbci,real_left_right_fist,subject_disjoint,17,45,0.444444,0.444444,0
eegbci,real_left_right_fist,subject_disjoint,18,45,0.777778,0.8,0.0222222
eegbci,real_left_right_fist,subject_disjoint,19,45,0.533333,0.533333,0
eegbci,real_left_right_fist,subject_disjoint,20,45,0.688889,0.688889,0
eegbci,real_left_right_fist,subject_disjoint,21,45,0.488889,0.488889,0
eegbci,real_left_right_fist,subject_disjoint,22,45,0.777778,0.777778,0
eegbci,real_left_right_fist,subject_disjoint,23,45,0.711111,0.711111,0
eegbci,real_left_right_fist,subject_disjoint,24,45,0.555556,0.555556,0
eegbci,real_left_right_fist,subject_disjoint,25,45,0.488889,0.466667,-0.0222222
eegbci,real_left_right_fist,subject_disjoint,26,45,0.6,0.6,0
eegbci,real_left_right_fist,subject_disjoint,27,45,0.622222,0.622222,0
eegbci,real_left_right_fist,subject_disjoint,28,45,0.533333,0.533333,0
eegbci,real_left_right_fist,subject_disjoint,29,45,0.733333,0.733333,0
eegbci,real_left_right_fist,subject_disjoint,30,45,0.511111,0.511111,0
eegbci,real_left_right_fist,subject_disjoint,31,45,0.866667,0.866667,0
eegbci,real_left_right_fist,subject_disjoint,32,45,0.888889,0.888889,0
eegbci,real_left_right_fist,subject_disjoint,33,45,0.733333,0.733333,0
eegbci,real_left_right_fist,subject_disjoint,34,42,0.619048,0.619048,0
eegbci,real_left_right_fist,subject_disjoint,35,45,0.555556,0.555556,0
eegbci,real_left_right_fist,subject_disjoint,36,45,0.622222,0.622222,0
eegbci,real_left_right_fist,subject_disjoint,37,42,0.5,0.5,0
eegbci,real_left_right_fist,subject_disjoint,38,45,0.488889,0.488889,0
eegbci,real_left_right_fist,subject_disjoint,39,45,0.688889,0.688889,0
eegbci,real_left_right_fist,subject_disjoint,40,45,0.822222,0.822222,0
eegbci,real_left_right_fist,subject_disjoint,41,42,0.642857,0.642857,0
eegbci,real_left_right_fist,subject_disjoint,42,45,0.933333,0.933333,0
eegbci,real_left_right_fist,subject_disjoint,43,45,0.733333,0.733333,0
eegbci,real_left_right_fist,subject_disjoint,44,45,0.844444,0.844444,0
eegbci,real_left_right_fist,subject_disjoint,45,45,0.577778,0.577778,0
eegbci,real_left_right_fist,subject_disjoint,46,45,0.422222,0.444444,0.0222222
eegbci,real_left_right_fist,subject_disjoint,47,45,0.622222,0.6,-0.0222222
eegbci,real_left_right_fist,subject_disjoint,48,45,0.8,0.8,0
eegbci,real_left_right_fist,subject_disjoint,49,45,0.822222,0.822222,0
eegbci,real_left_right_fist,subject_disjoint,50,45,0.577778,0.577778,0
eegbci,real_left_right_fist,subject_disjoint,51,42,0.571429,0.571429,0
eegbci,real_left_right_fist,subject_disjoint,52,45,0.622222,0.622222,0
eegbci,real_left_right_fist,subject_disjoint,53,45,0.511111,0.511111,0
eegbci,real_left_right_fist,subject_disjoint,54,45,0.511111,0.511111,0
eegbci,real_left_right_fist,subject_disjoint,55,45,0.8,0.8,0
eegbci,real_left_right_fist,subject_disjoint,56,45,0.777778,0.777778,0
eegbci,real_left_right_fist,subject_disjoint,57,45,0.733333,0.733333,0
eegbci,real_left_right_fist,subject_disjoint,58,45,0.488889,0.488889,0
eegbci,real_left_right_fist,subject_disjoint,59,45,0.488889,0.488889,0
eegbci,real_left_right_fist,subject_disjoint,60,45,0.777778,0.777778,0
eegbci,real_left_right_fist,subject_disjoint,61,45,0.644444,0.644444,0
eegbci,real_left_right_fist,subject_disjoint,62,45,0.688889,0.666667,-0.0222222
eegbci,real_left_right_fist,subject_disjoint,63,45,0.466667,0.466667,0
eegbci,real_left_right_fist,subject_disjoint,64,42,0.666667,0.666667,0
eegbci,real_left_right_fist,subject_disjoint,65,45,0.666667,0.666667,0
eegbci,real_left_right_fist,subject_disjoint,66,45,0.6,0.6,0
eegbci,real_left_right_fist,subject_disjoint,67,45,0.644444,0.622222,-0.0222222
eegbci,real_left_right_fist,subject_disjoint,68,45,0.644444,0.644444,0
eegbci,real_left_right_fist,subject_disjoint,69,45,0.733333,0.755556,0.0222222
eegbci,real_left_right_fist,subject_disjoint,70,45,0.511111,0.511111,0
eegbci,real_left_right_fist,subject_disjoint,71,45,0.755556,0.755556,0
eegbci,real_left_right_fist,subject_disjoint,72,42,0.666667,0.666667,0
eegbci,real_left_right_fist,subject_disjoint,73,42,0.666667,0.666667,0
eegbci,real_left_right_fist,subject_disjoint,74,42,0.5,0.5,0
eegbci,real_left_right_fist,subject_disjoint,75,45,0.533333,0.533333,0
eegbci,real_left_right_fist,subject_disjoint,76,42,0.666667,0.666667,0
eegbci,real_left_right_fist,subject_disjoint,77,45,0.533333,0.555556,0.0222222
eegbci,real_left_right_fist,subject_disjoint,78,45,0.511111,0.533333,0.0222222
eegbci,real_left_right_fist,subject_disjoint,79,45,0.688889,0.688889,0
eegbci,real_left_right_fist,subject_disjoint,80,45,0.511111,0.511111,0
eegbci,real_left_right_fist,subject_disjoint,81,45,0.533333,0.533333,0
eegbci,real_left_right_fist,subject_disjoint,82,45,0.733333,0.733333,0
eegbci,real_left_right_fist,subject_disjoint,83,45,0.822222,0.822222,0
eegbci,real_left_right_fist,subject_disjoint,84,45,0.444444,0.444444,0
eegbci,real_left_right_fist,subject_disjoint,85,45,0.688889,0.688889,0
eegbci,real_left_right_fist,subject_disjoint,86,45,0.777778,0.8,0.0222222
eegbci,real_left_right_fist,subject_disjoint,87,45,0.555556,0.555556,0
eegbci,real_left_right_fist,subject_disjoint,88,57,0.561404,0.561404,0
eegbci,real_left_right_fist,subject_disjoint,89,52,0.769231,0.788462,0.0192308
eegbci,real_left_right_fist,subject_disjoint,90,45,0.844444,0.844444,0
eegbci,real_left_right_fist,subject_disjoint,91,45,0.577778,0.577778,0
eegbci,real_left_right_fist,subject_disjoint,92,57,0.596491,0.614035,0.0175439
eegbci,real_left_right_fist,subject_disjoint,93,45,0.777778,0.755556,-0.0222222
eegbci,real_left_right_fist,subject_disjoint,94,45,0.8,0.8,0
eegbci,real_left_right_fist,subject_disjoint,95,45,0.533333,0.555556,0.0222222
eegbci,real_left_right_fist,subject_disjoint,96,45,0.733333,0.733333,0
eegbci,real_left_right_fist,subject_disjoint,97,45,0.577778,0.6,0.0222222
eegbci,real_left_right_fist,subject_disjoint,98,45,0.533333,0.533333,0
eegbci,real_left_right_fist,subject_disjoint,99,45,0.622222,0.622222,0
eegbci,real_left_right_fist,subject_disjoint,100,36,0.611111,0.611111,0
eegbci,real_left_right_fist,subject_disjoint,101,45,0.533333,0.533333,0
eegbci,real_left_right_fist,subject_disjoint,102,42,0.547619,0.547619,0
eegbci,real_left_right_fist,subject_disjoint,103,45,0.777778,0.755556,-0.0222222
eegbci,real_left_right_fist,subject_disjoint,104,45,0.533333,0.533333,0
eegbci,real_left_right_fist,subject_disjoint,105,45,0.933333,0.933333,0
eegbci,real_left_right_fist,subject_disjoint,106,45,0.711111,0.688889,-0.0222222
eegbci,real_left_right_fist,subject_disjoint,107,45,0.688889,0.688889,0
eegbci,real_left_right_fist,subject_disjoint,108,45,0.777778,0.755556,-0.0222222
eegbci,real_left_right_fist,subject_disjoint,109,45,0.511111,0.511111,0
eegbci,imagery_fists_feet,subject_disjoint,1,45,0.666667,0.666667,0
eegbci,imagery_fists_feet,subject_disjoint,2,45,0.666667,0.688889,0.0222222
eegbci,imagery_fists_feet,subject_disjoint,3,45,0.533333,0.533333,0
eegbci,imagery_fists_feet,subject_disjoint,4,45,0.555556,0.555556,0
eegbci,imagery_fists_feet,subject_disjoint,5,45,0.511111,0.511111,0
eegbci,imagery_fists_feet,subject_disjoint,6,45,0.622222,0.622222,0
eegbci,imagery_fists_feet,subject_disjoint,7,45,0.733333,0.733333,0
eegbci,imagery_fists_feet,subject_disjoint,8,45,0.511111,0.511111,0
eegbci,imagery_fists_feet,subject_disjoint,9,45,0.555556,0.555556,0
eegbci,imagery_fists_feet,subject_disjoint,10,45,0.666667,0.666667,0
eegbci,imagery_fists_feet,subject_disjoint,11,45,0.488889,0.488889,0
eegbci,imagery_fists_feet,subject_disjoint,12,45,0.733333,0.733333,0
eegbci,imagery_fists_feet,subject_disjoint,13,45,0.555556,0.6,0.0444444
eegbci,imagery_fists_feet,subject_disjoint,14,45,0.533333,0.533333,0
eegbci,imagery_fists_feet,subject_disjoint,15,45,0.711111,0.711111,0
eegbci,imagery_fists_feet,subject_disjoint,16,45,0.422222,0.422222,0
eegbci,imagery_fists_feet,subject_disjoint,17,45,0.466667,0.466667,0
eegbci,imagery_fists_feet,subject_disjoint,18,45,0.511111,0.511111,0
eegbci,imagery_fists_feet,subject_disjoint,19,45,0.511111,0.511111,0
eegbci,imagery_fists_feet,subject_disjoint,20,45,0.511111,0.488889,-0.0222222
eegbci,imagery_fists_feet,subject_disjoint,21,45,0.488889,0.488889,0
eegbci,imagery_fists_feet,subject_disjoint,22,45,0.577778,0.577778,0
eegbci,imagery_fists_feet,subject_disjoint,23,45,0.6,0.577778,-0.0222222
eegbci,imagery_fists_feet,subject_disjoint,24,45,0.577778,0.577778,0
eegbci,imagery_fists_feet,subject_disjoint,25,45,0.466667,0.466667,0
eegbci,imagery_fists_feet,subject_disjoint,26,45,0.511111,0.511111,0
eegbci,imagery_fists_feet,subject_disjoint,27,45,0.622222,0.622222,0
eegbci,imagery_fists_feet,subject_disjoint,28,45,0.4,0.4,0
eegbci,imagery_fists_feet,subject_disjoint,29,45,0.6,0.6,0
eegbci,imagery_fists_feet,subject_disjoint,30,45,0.466667,0.466667,0
eegbci,imagery_fists_feet,subject_disjoint,31,45,0.755556,0.733333,-0.0222222
eegbci,imagery_fists_feet,subject_disjoint,32,45,0.555556,0.555556,0
eegbci,imagery_fists_feet,subject_disjoint,33,45,0.533333,0.533333,0
eegbci,imagery_fists_feet,subject_disjoint,34,42,0.785714,0.785714,0
eegbci,imagery_fists_feet,subject_disjoint,35,45,0.644444,0.622222,-0.0222222
eegbci,imagery_fists_feet,subject_disjoint,36,45,0.622222,0.622222,0
eegbci,imagery_fists_feet,subject_disjoint,37,42,0.428571,0.428571,0
eegbci,imagery_fists_feet,subject_disjoint,38,45,0.422222,0.422222,0
eegbci,imagery_fists_feet,subject_disjoint,39,45,0.511111,0.511111,0
eegbci,imagery_fists_feet,subject_disjoint,40,45,0.466667,0.488889,0.0222222
eegbci,imagery_fists_feet,subject_disjoint,41,44,0.568182,0.568182,0
eegbci,imagery_fists_feet,subject_disjoint,42,45,0.844444,0.844444,0
eegbci,imagery_fists_feet,subject_disjoint,43,45,0.688889,0.622222,-0.0666667
eegbci,imagery_fists_feet,subject_disjoint,44,45,0.688889,0.688889,0
eegbci,imagery_fists_feet,subject_disjoint,45,45,0.6,0.555556,-0.0444444
eegbci,imagery_fists_feet,subject_disjoint,46,45,0.555556,0.555556,0
eegbci,imagery_fists_feet,subject_disjoint,47,45,0.533333,0.533333,0
eegbci,imagery_fists_feet,subject_disjoint,48,45,0.777778,0.777778,0
eegbci,imagery_fists_feet,subject_disjoint,49,45,0.644444,0.644444,0
eegbci,imagery_fists_feet,subject_disjoint,50,45,0.688889,0.688889,0
eegbci,imagery_fists_feet,subject_disjoint,51,45,0.511111,0.488889,-0.0222222
eegbci,imagery_fists_feet,subject_disjoint,52,45,0.711111,0.711111,0
eegbci,imagery_fists_feet,subject_disjoint,53,45,0.488889,0.466667,-0.0222222
eegbci,imagery_fists_feet,subject_disjoint,54,45,0.511111,0.511111,0
eegbci,imagery_fists_feet,subject_disjoint,55,45,0.644444,0.644444,0
eegbci,imagery_fists_feet,subject_disjoint,56,45,0.688889,0.688889,0
eegbci,imagery_fists_feet,subject_disjoint,57,45,0.511111,0.511111,0
eegbci,imagery_fists_feet,subject_disjoint,58,45,0.6,0.622222,0.0222222
eegbci,imagery_fists_feet,subject_disjoint,59,45,0.511111,0.511111,0
eegbci,imagery_fists_feet,subject_disjoint,60,45,0.533333,0.533333,0
eegbci,imagery_fists_feet,subject_disjoint,61,45,0.533333,0.533333,0
eegbci,imagery_fists_feet,subject_disjoint,62,45,0.577778,0.555556,-0.0222222
eegbci,imagery_fists_feet,subject_disjoint,63,45,0.488889,0.488889,0
eegbci,imagery_fists_feet,subject_disjoint,64,43,0.651163,0.651163,0
eegbci,imagery_fists_feet,subject_disjoint,65,45,0.622222,0.622222,0
eegbci,imagery_fists_feet,subject_disjoint,66,45,0.533333,0.555556,0.0222222
eegbci,imagery_fists_feet,subject_disjoint,67,45,0.6,0.577778,-0.0222222
eegbci,imagery_fists_feet,subject_disjoint,68,45,0.622222,0.622222,0
eegbci,imagery_fists_feet,subject_disjoint,69,45,0.644444,0.622222,-0.0222222
eegbci,imagery_fists_feet,subject_disjoint,70,45,0.822222,0.822222,0
eegbci,imagery_fists_feet,subject_disjoint,71,45,0.577778,0.577778,0
eegbci,imagery_fists_feet,subject_disjoint,72,42,0.833333,0.833333,0
eegbci,imagery_fists_feet,subject_disjoint,73,42,0.809524,0.809524,0
eegbci,imagery_fists_feet,subject_disjoint,74,42,0.52381,0.52381,0
eegbci,imagery_fists_feet,subject_disjoint,75,45,0.622222,0.622222,0
eegbci,imagery_fists_feet,subject_disjoint,76,42,0.5,0.5,0
eegbci,imagery_fists_feet,subject_disjoint,77,45,0.622222,0.622222,0
eegbci,imagery_fists_feet,subject_disjoint,78,45,0.555556,0.555556,0
eegbci,imagery_fists_feet,subject_disjoint,79,45,0.6,0.6,0
eegbci,imagery_fists_feet,subject_disjoint,80,45,0.577778,0.577778,0
eegbci,imagery_fists_feet,subject_disjoint,81,45,0.577778,0.577778,0
eegbci,imagery_fists_feet,subject_disjoint,82,45,0.6,0.6,0
eegbci,imagery_fists_feet,subject_disjoint,83,45,0.644444,0.644444,0
eegbci,imagery_fists_feet,subject_disjoint,84,45,0.555556,0.533333,-0.0222222
eegbci,imagery_fists_feet,subject_disjoint,85,45,0.533333,0.533333,0
eegbci,imagery_fists_feet,subject_disjoint,86,45,0.488889,0.488889,0
eegbci,imagery_fists_feet,subject_disjoint,87,45,0.555556,0.555556,0
eegbci,imagery_fists_feet,subject_disjoint,88,57,0.526316,0.526316,0
eegbci,imagery_fists_feet,subject_disjoint,89,45,0.555556,0.533333,-0.0222222
eegbci,imagery_fists_feet,subject_disjoint,90,45,0.488889,0.466667,-0.0222222
eegbci,imagery_fists_feet,subject_disjoint,91,45,0.577778,0.577778,0
eegbci,imagery_fists_feet,subject_disjoint,92,57,0.631579,0.631579,0
eegbci,imagery_fists_feet,subject_disjoint,93,45,0.6,0.6,0
eegbci,imagery_fists_feet,subject_disjoint,94,45,0.488889,0.488889,0
eegbci,imagery_fists_feet,subject_disjoint,95,45,0.8,0.8,0
eegbci,imagery_fists_feet,subject_disjoint,96,45,0.6,0.6,0
eegbci,imagery_fists_feet,subject_disjoint,97,45,0.577778,0.577778,0
eegbci,imagery_fists_feet,subject_disjoint,98,45,0.666667,0.666667,0
eegbci,imagery_fists_feet,subject_disjoint,99,45,0.422222,0.422222,0
eegbci,imagery_fists_feet,subject_disjoint,100,36,0.5,0.5,0
eegbci,imagery_fists_feet,subject_disjoint,101,45,0.533333,0.533333,0
eegbci,imagery_fists_feet,subject_disjoint,102,43,0.697674,0.697674,0
eegbci,imagery_fists_feet,subject_disjoint,103,45,0.488889,0.488889,0
eegbci,imagery_fists_feet,subject_disjoint,104,45,0.644444,0.644444,0
eegbci,imagery_fists_feet,subject_disjoint,105,45,0.688889,0.733333,0.0444444
eegbci,imagery_fists_feet,subject_disjoint,106,45,0.555556,0.577778,0.0222222
eegbci,imagery_fists_feet,subject_disjoint,107,45,0.488889,0.488889,0
eegbci,imagery_fists_feet,subject_disjoint,108,45,0.577778,0.577778,0
eegbci,imagery_fists_feet,subject_disjoint,109,45,0.488889,0.488889,0
eegbci,real_fists_feet,subject_disjoint,1,45,0.644444,0.622222,-0.0222222
eegbci,real_fists_feet,subject_disjoint,2,45,0.844444,0.844444,0
eegbci,real_fists_feet,subject_disjoint,3,45,0.577778,0.577778,0
eegbci,real_fists_feet,subject_disjoint,4,45,0.622222,0.622222,0
eegbci,real_fists_feet,subject_disjoint,5,45,0.6,0.6,0
eegbci,real_fists_feet,subject_disjoint,6,45,0.644444,0.666667,0.0222222
eegbci,real_fists_feet,subject_disjoint,7,45,0.844444,0.844444,0
eegbci,real_fists_feet,subject_disjoint,8,45,0.533333,0.533333,0
eegbci,real_fists_feet,subject_disjoint,9,45,0.577778,0.6,0.0222222
eegbci,real_fists_feet,subject_disjoint,10,45,0.622222,0.622222,0
eegbci,real_fists_feet,subject_disjoint,11,45,0.666667,0.666667,0
eegbci,real_fists_feet,subject_disjoint,12,45,0.488889,0.488889,0
eegbci,real_fists_feet,subject_disjoint,13,45,0.733333,0.733333,0
eegbci,real_fists_feet,subject_disjoint,14,45,0.444444,0.444444,0
eegbci,real_fists_feet,subject_disjoint,15,45,0.8,0.8,0
eegbci,real_fists_feet,subject_disjoint,16,45,0.755556,0.755556,0
eegbci,real_fists_feet,subject_disjoint,17,45,0.711111,0.711111,0
eegbci,real_fists_feet,subject_disjoint,18,45,0.6,0.6,0
eegbci,real_fists_feet,subject_disjoint,19,45,0.533333,0.511111,-0.0222222
eegbci,real_fists_feet,subject_disjoint,20,45,0.644444,0.644444,0
eegbci,real_fists_feet,subject_disjoint,21,45,0.6,0.6,0
eegbci,real_fists_feet,subject_disjoint,22,45,0.511111,0.511111,0
eegbci,real_fists_feet,subject_disjoint,23,45,0.644444,0.644444,0
eegbci,real_fists_feet,subject_disjoint,24,45,0.688889,0.688889,0
eegbci,real_fists_feet,subject_disjoint,25,45,0.666667,0.666667,0
eegbci,real_fists_feet,subject_disjoint,26,45,0.8,0.8,0
eegbci,real_fists_feet,subject_disjoint,27,45,0.666667,0.666667,0
eegbci,real_fists_feet,subject_disjoint,28,45,0.622222,0.622222,0
eegbci,real_fists_feet,subject_disjoint,29,45,0.844444,0.844444,0
eegbci,real_fists_feet,subject_disjoint,30,45,0.511111,0.511111,0
eegbci,real_fists_feet,subject_disjoint,31,45,0.733333,0.711111,-0.0222222
eegbci,real_fists_feet,subject_disjoint,32,45,0.622222,0.622222,0
eegbci,real_fists_feet,subject_disjoint,33,45,0.711111,0.711111,0
eegbci,real_fists_feet,subject_disjoint,34,42,0.880952,0.857143,-0.0238095
eegbci,real_fists_feet,subject_disjoint,35,45,0.888889,0.866667,-0.0222222
eegbci,real_fists_feet,subject_disjoint,36,45,0.577778,0.555556,-0.0222222
eegbci,real_fists_feet,subject_disjoint,37,42,0.52381,0.52381,0
eegbci,real_fists_feet,subject_disjoint,38,45,0.6,0.6,0
eegbci,real_fists_feet,subject_disjoint,39,45,0.511111,0.511111,0
eegbci,real_fists_feet,subject_disjoint,40,45,0.511111,0.511111,0
eegbci,real_fists_feet,subject_disjoint,41,42,0.952381,0.952381,0
eegbci,real_fists_feet,subject_disjoint,42,45,0.911111,0.933333,0.0222222
eegbci,real_fists_feet,subject_disjoint,43,45,0.644444,0.644444,0
eegbci,real_fists_feet,subject_disjoint,44,45,0.622222,0.644444,0.0222222
eegbci,real_fists_feet,subject_disjoint,45,45,0.733333,0.711111,-0.0222222
eegbci,real_fists_feet,subject_disjoint,46,45,0.888889,0.888889,0
eegbci,real_fists_feet,subject_disjoint,47,45,0.511111,0.511111,0
eegbci,real_fists_feet,subject_disjoint,48,45,0.577778,0.577778,0
eegbci,real_fists_feet,subject_disjoint,49,45,0.933333,0.933333,0
eegbci,real_fists_feet,subject_disjoint,50,45,0.511111,0.511111,0
eegbci,real_fists_feet,subject_disjoint,51,42,0.642857,0.642857,0
eegbci,real_fists_feet,subject_disjoint,52,45,0.511111,0.511111,0
eegbci,real_fists_feet,subject_disjoint,53,45,0.577778,0.577778,0
eegbci,real_fists_feet,subject_disjoint,54,45,0.533333,0.533333,0
eegbci,real_fists_feet,subject_disjoint,55,45,0.888889,0.888889,0
eegbci,real_fists_feet,subject_disjoint,56,45,0.555556,0.555556,0
eegbci,real_fists_feet,subject_disjoint,57,45,0.866667,0.866667,0
eegbci,real_fists_feet,subject_disjoint,58,45,0.6,0.6,0
eegbci,real_fists_feet,subject_disjoint,59,45,0.511111,0.511111,0
eegbci,real_fists_feet,subject_disjoint,60,45,0.8,0.8,0
eegbci,real_fists_feet,subject_disjoint,61,45,0.777778,0.755556,-0.0222222
eegbci,real_fists_feet,subject_disjoint,62,45,0.511111,0.511111,0
eegbci,real_fists_feet,subject_disjoint,63,45,0.511111,0.511111,0
eegbci,real_fists_feet,subject_disjoint,64,42,0.738095,0.761905,0.0238095
eegbci,real_fists_feet,subject_disjoint,65,45,0.511111,0.511111,0
eegbci,real_fists_feet,subject_disjoint,66,45,0.533333,0.555556,0.0222222
eegbci,real_fists_feet,subject_disjoint,67,45,0.4,0.377778,-0.0222222
eegbci,real_fists_feet,subject_disjoint,68,45,0.577778,0.555556,-0.0222222
eegbci,real_fists_feet,subject_disjoint,69,45,0.577778,0.577778,0
eegbci,real_fists_feet,subject_disjoint,70,45,0.488889,0.488889,0
eegbci,real_fists_feet,subject_disjoint,71,45,0.666667,0.666667,0
eegbci,real_fists_feet,subject_disjoint,72,42,0.666667,0.666667,0
eegbci,real_fists_feet,subject_disjoint,73,42,0.738095,0.738095,0
eegbci,real_fists_feet,subject_disjoint,74,42,0.547619,0.547619,0
eegbci,real_fists_feet,subject_disjoint,75,45,0.777778,0.777778,0
eegbci,real_fists_feet,subject_disjoint,76,42,0.5,0.52381,0.0238095
eegbci,real_fists_feet,subject_disjoint,77,45,0.511111,0.511111,0
eegbci,real_fists_feet,subject_disjoint,78,45,0.488889,0.488889,0
eegbci,real_fists_feet,subject_disjoint,79,45,0.711111,0.711111,0
eegbci,real_fists_feet,subject_disjoint,80,45,0.6,0.6,0
eegbci,real_fists_feet,subject_disjoint,81,45,0.6,0.577778,-0.0222222
eegbci,real_fists_feet,subject_disjoint,82,45,0.755556,0.755556,0
eegbci,real_fists_feet,subject_disjoint,83,45,0.933333,0.911111,-0.0222222
eegbci,real_fists_feet,subject_disjoint,84,45,0.555556,0.555556,0
eegbci,real_fists_feet,subject_disjoint,85,45,0.866667,0.888889,0.0222222
eegbci,real_fists_feet,subject_disjoint,86,45,0.511111,0.511111,0
eegbci,real_fists_feet,subject_disjoint,87,45,0.555556,0.555556,0
eegbci,real_fists_feet,subject_disjoint,88,57,0.578947,0.578947,0
eegbci,real_fists_feet,subject_disjoint,89,45,0.822222,0.822222,0
eegbci,real_fists_feet,subject_disjoint,90,45,0.466667,0.466667,0
eegbci,real_fists_feet,subject_disjoint,91,45,0.777778,0.8,0.0222222
eegbci,real_fists_feet,subject_disjoint,92,57,0.561404,0.561404,0
eegbci,real_fists_feet,subject_disjoint,93,45,0.866667,0.866667,0
eegbci,real_fists_feet,subject_disjoint,94,45,0.933333,0.933333,0
eegbci,real_fists_feet,subject_disjoint,95,45,0.577778,0.6,0.0222222
eegbci,real_fists_feet,subject_disjoint,96,45,0.644444,0.666667,0.0222222
eegbci,real_fists_feet,subject_disjoint,97,45,0.555556,0.555556,0
eegbci,real_fists_feet,subject_disjoint,98,45,0.555556,0.533333,-0.0222222
eegbci,real_fists_feet,subject_disjoint,99,45,0.644444,0.6,-0.0444444
eegbci,real_fists_feet,subject_disjoint,100,36,0.638889,0.638889,0
eegbci,real_fists_feet,subject_disjoint,101,45,0.577778,0.555556,-0.0222222
eegbci,real_fists_feet,subject_disjoint,102,42,0.785714,0.761905,-0.0238095
eegbci,real_fists_feet,subject_disjoint,103,45,0.533333,0.533333,0
eegbci,real_fists_feet,subject_disjoint,104,45,0.666667,0.711111,0.0444444
eegbci,real_fists_feet,subject_disjoint,105,45,1,0.977778,-0.0222222
eegbci,real_fists_feet,subject_disjoint,106,34,0.529412,0.529412,0
eegbci,real_fists_feet,subject_disjoint,107,45,0.6,0.6,0
eegbci,real_fists_feet,subject_disjoint,108,45,0.755556,0.777778,0.0222222
eegbci,real_fists_feet,subject_disjoint,109,45,0.466667,0.466667,0
bci2a,bci2a_left_right,loso,1,288,0.815972,0.815972,0
bci2a,bci2a_left_right,loso,2,288,0.513889,0.510417,-0.00347222
bci2a,bci2a_left_right,loso,3,288,0.819444,0.819444,0
bci2a,bci2a_left_right,loso,4,288,0.565972,0.565972,0
bci2a,bci2a_left_right,loso,5,288,0.506944,0.506944,0
bci2a,bci2a_left_right,loso,6,288,0.65625,0.659722,0.00347222
bci2a,bci2a_left_right,loso,7,288,0.611111,0.611111,0
bci2a,bci2a_left_right,loso,8,288,0.763889,0.763889,0
bci2a,bci2a_left_right,loso,9,288,0.673611,0.673611,0
