dataset,task,model,protocol,seed,fold,n_train,n_test,train_acc,test_acc
eegbci,imagery_left_right_fist,csp_lda,trial_random,20260916,trial0,3265,1633,0.593262,0.579302
eegbci,imagery_left_right_fist,riemann_ts_lr,trial_random,20260916,trial0,3265,1633,0.946708,0.619106
eegbci,imagery_left_right_fist,csp_lda,trial_random,20260916,trial1,3265,1633,0.606126,0.582976
eegbci,imagery_left_right_fist,riemann_ts_lr,trial_random,20260916,trial1,3265,1633,0.935988,0.641151
eegbci,imagery_left_right_fist,csp_lda,trial_random,20260916,trial2,3266,1632,0.596142,0.576593
eegbci,imagery_left_right_fist,riemann_ts_lr,trial_random,20260916,trial2,3266,1632,0.941825,0.637255
eegbci,imagery_left_right_fist,csp_lda,trial_random,20260917,trial0,3265,1633,0.595406,0.574403
eegbci,imagery_left_right_fist,riemann_ts_lr,trial_random,20260917,trial0,3265,1633,0.941194,0.628291
eegbci,imagery_left_right_fist,csp_lda,trial_random,20260917,trial1,3265,1633,0.60827,0.570116
eegbci,imagery_left_right_fist,riemann_ts_lr,trial_random,20260917,trial1,3265,1633,0.941807,0.621555
eegbci,imagery_left_right_fist,csp_lda,trial_random,20260917,trial2,3266,1632,0.60594,0.566789
eegbci,imagery_left_right_fist,riemann_ts_lr,trial_random,20260917,trial2,3266,1632,0.941212,0.629289
eegbci,imagery_left_right_fist,csp_lda,trial_random,20260918,trial0,3265,1633,0.611945,0.586038
eegbci,imagery_left_right_fist,riemann_ts_lr,trial_random,20260918,trial0,3265,1633,0.939663,0.622168
eegbci,imagery_left_right_fist,csp_lda,trial_random,20260918,trial1,3265,1633,0.609495,0.577465
eegbci,imagery_left_right_fist,riemann_ts_lr,trial_random,20260918,trial1,3265,1633,0.946708,0.622168
eegbci,imagery_left_right_fist,csp_lda,trial_random,20260918,trial2,3266,1632,0.590631,0.553922
eegbci,imagery_left_right_fist,riemann_ts_lr,trial_random,20260918,trial2,3266,1632,0.944887,0.63174
eegbci,imagery_left_right_fist,csp_lda,trial_random,20260919,trial0,3265,1633,0.615314,0.574403
eegbci,imagery_left_right_fist,riemann_ts_lr,trial_random,20260919,trial0,3265,1633,0.943032,0.620331
eegbci,imagery_left_right_fist,csp_lda,trial_random,20260919,trial1,3265,1633,0.607044,0.587875
eegbci,imagery_left_right_fist,riemann_ts_lr,trial_random,20260919,trial1,3265,1633,0.946095,0.614819
eegbci,imagery_left_right_fist,csp_lda,trial_random,20260919,trial2,3266,1632,0.596142,0.578431
eegbci,imagery_left_right_fist,riemann_ts_lr,trial_random,20260919,trial2,3266,1632,0.941825,0.620098
eegbci,imagery_left_right_fist,csp_lda,trial_random,20260920,trial0,3265,1633,0.605819,0.56583
eegbci,imagery_left_right_fist,riemann_ts_lr,trial_random,20260920,trial0,3265,1633,0.940582,0.611145
eegbci,imagery_left_right_fist,csp_lda,trial_random,20260920,trial1,3265,1633,0.593262,0.577465
eegbci,imagery_left_right_fist,riemann_ts_lr,trial_random,20260920,trial1,3265,1633,0.941194,0.611758
eegbci,imagery_left_right_fist,csp_lda,trial_random,20260920,trial2,3266,1632,0.608389,0.578431
eegbci,imagery_left_right_fist,riemann_ts_lr,trial_random,20260920,trial2,3266,1632,0.938151,0.630515
eegbci,imagery_left_right_fist,csp_lda,run_disjoint,20260916,run0,3262,1636,0.623544,0.587408
eegbci,imagery_left_right_fist,riemann_ts_lr,run_disjoint,20260916,run0,3262,1636,0.942367,0.620416
eegbci,imagery_left_right_fist,csp_lda,run_disjoint,20260916,run1,3269,1629,0.594677,0.589932
eegbci,imagery_left_right_fist,riemann_ts_lr,run_disjoint,20260916,run1,3269,1629,0.945243,0.634131
eegbci,imagery_left_right_fist,csp_lda,run_disjoint,20260916,run2,3265,1633,0.617152,0.598285
eegbci,imagery_left_right_fist,riemann_ts_lr,run_disjoint,20260916,run2,3265,1633,0.947626,0.630741
eegbci,imagery_left_right_fist,csp_lda,subject_disjoint,20260916,subj0,3242,1656,0.610117,0.570048
eegbci,imagery_left_right_fist,riemann_ts_lr,subject_disjoint,20260916,subj0,3242,1656,0.939852,0.595411
eegbci,imagery_left_right_fist,csp_lda,subject_disjoint,20260916,subj1,3280,1618,0.624085,0.598888
eegbci,imagery_left_right_fist,riemann_ts_lr,subject_disjoint,20260916,subj1,3280,1618,0.951829,0.560569
eegbci,imagery_left_right_fist,csp_lda,subject_disjoint,20260916,subj2,3274,1624,0.612706,0.598522
eegbci,imagery_left_right_fist,riemann_ts_lr,subject_disjoint,20260916,subj2,3274,1624,0.94044,0.58436
eegbci,imagery_left_right_fist,csp_lda,subject_disjoint,20260917,subj0,3224,1674,0.593672,0.613501
eegbci,imagery_left_right_fist,riemann_ts_lr,subject_disjoint,20260917,subj0,3224,1674,0.940136,0.586022
eegbci,imagery_left_right_fist,csp_lda,subject_disjoint,20260917,subj1,3287,1611,0.61728,0.58473
eegbci,imagery_left_right_fist,riemann_ts_lr,subject_disjoint,20260917,subj1,3287,1611,0.944935,0.584109
eegbci,imagery_left_right_fist,csp_lda,subject_disjoint,20260917,subj2,3285,1613,0.627397,0.588965
eegbci,imagery_left_right_fist,riemann_ts_lr,subject_disjoint,20260917,subj2,3285,1613,0.946423,0.598264
eegbci,imagery_left_right_fist,csp_lda,subject_disjoint,20260918,subj0,3227,1671,0.616672,0.577499
eegbci,imagery_left_right_fist,riemann_ts_lr,subject_disjoint,20260918,subj0,3227,1671,0.944531,0.602633
eegbci,imagery_left_right_fist,csp_lda,subject_disjoint,20260918,subj1,3288,1610,0.608273,0.596894
eegbci,imagery_left_right_fist,riemann_ts_lr,subject_disjoint,20260918,subj1,3288,1610,0.943431,0.588199
eegbci,imagery_left_right_fist,csp_lda,subject_disjoint,20260918,subj2,3281,1617,0.611704,0.586889
eegbci,imagery_left_right_fist,riemann_ts_lr,subject_disjoint,20260918,subj2,3281,1617,0.946358,0.583797
eegbci,imagery_left_right_fist,csp_lda,subject_disjoint,20260919,subj0,3242,1656,0.628007,0.582729
eegbci,imagery_left_right_fist,riemann_ts_lr,subject_disjoint,20260919,subj0,3242,1656,0.948797,0.600242
eegbci,imagery_left_right_fist,csp_lda,subject_disjoint,20260919,subj1,3264,1634,0.630208,0.623623
eegbci,imagery_left_right_fist,riemann_ts_lr,subject_disjoint,20260919,subj1,3264,1634,0.948223,0.581395
eegbci,imagery_left_right_fist,csp_lda,subject_disjoint,20260919,subj2,3290,1608,0.619453,0.553483
eegbci,imagery_left_right_fist,riemann_ts_lr,subject_disjoint,20260919,subj2,3290,1608,0.944377,0.580224
eegbci,imagery_left_right_fist,csp_lda,subject_disjoint,20260920,subj0,3243,1655,0.591428,0.599396
eegbci,imagery_left_right_fist,riemann_ts_lr,subject_disjoint,20260920,subj0,3243,1655,0.952513,0.585498
eegbci,imagery_left_right_fist,csp_lda,subject_disjoint,20260920,subj1,3276,1622,0.631258,0.573983
eegbci,imagery_left_right_fist,riemann_ts_lr,subject_disjoint,20260920,subj1,3276,1622,0.942613,0.582614
eegbci,imagery_left_right_fist,csp_lda,subject_disjoint,20260920,subj2,3277,1621,0.621605,0.586058
eegbci,imagery_left_right_fist,riemann_ts_lr,subject_disjoint,20260920,subj2,3277,1621,0.941105,0.604565
eegbci,real_left_right_fist,csp_lda,trial_random,20260916,trial0,3264,1633,0.622855,0.587875
eegbci,real_left_right_fist,riemann_ts_lr,trial_random,20260916,trial0,3264,1633,0.971814,0.673607
eegbci,real_left_right_fist,csp_lda,trial_random,20260916,trial1,3265,1632,0.61317,0.574142
eegbci,real_left_right_fist,riemann_ts_lr,trial_random,20260916,trial1,3265,1632,0.968147,0.663603
eegbci,real_left_right_fist,csp_lda,trial_random,20260916,trial2,3265,1632,0.628178,0.579657
eegbci,real_left_right_fist,riemann_ts_lr,trial_random,20260916,trial2,3265,1632,0.969372,0.677696
eegbci,real_left_right_fist,csp_lda,trial_random,20260917,trial0,3264,1633,0.609988,0.558481
eegbci,real_left_right_fist,riemann_ts_lr,trial_random,20260917,trial0,3264,1633,0.968137,0.688304
eegbci,real_left_right_fist,csp_lda,trial_random,20260917,trial1,3265,1632,0.59173,0.5625
eegbci,real_left_right_fist,riemann_ts_lr,trial_random,20260917,trial1,3265,1632,0.969066,0.678309
eegbci,real_left_right_fist,csp_lda,trial_random,20260917,trial2,3265,1632,0.62634,0.576593
eegbci,real_left_right_fist,riemann_ts_lr,trial_random,20260917,trial2,3265,1632,0.963247,0.690564
eegbci,real_left_right_fist,csp_lda,trial_random,20260918,trial0,3264,1633,0.653799,0.602572
eegbci,real_left_right_fist,riemann_ts_lr,trial_random,20260918,trial0,3264,1633,0.969975,0.685242
eegbci,real_left_right_fist,csp_lda,trial_random,20260918,trial1,3265,1632,0.585299,0.550245
eegbci,real_left_right_fist,riemann_ts_lr,trial_random,20260918,trial1,3265,1632,0.965697,0.678309
eegbci,real_left_right_fist,csp_lda,trial_random,20260918,trial2,3265,1632,0.596325,0.564951
eegbci,real_left_right_fist,riemann_ts_lr,trial_random,20260918,trial2,3265,1632,0.966003,0.691789
eegbci,real_left_right_fist,csp_lda,trial_random,20260919,trial0,3264,1633,0.630821,0.577465
eegbci,real_left_right_fist,riemann_ts_lr,trial_random,20260919,trial0,3264,1633,0.967218,0.688304
eegbci,real_left_right_fist,csp_lda,trial_random,20260919,trial1,3265,1632,0.580092,0.542279
eegbci,real_left_right_fist,riemann_ts_lr,trial_random,20260919,trial1,3265,1632,0.966616,0.675858
eegbci,real_left_right_fist,csp_lda,trial_random,20260919,trial2,3265,1632,0.569985,0.566789
eegbci,real_left_right_fist,riemann_ts_lr,trial_random,20260919,trial2,3265,1632,0.97611,0.675245
eegbci,real_left_right_fist,csp_lda,trial_random,20260920,trial0,3264,1633,0.593444,0.546234
eegbci,real_left_right_fist,riemann_ts_lr,trial_random,20260920,trial0,3264,1633,0.960478,0.694427
eegbci,real_left_right_fist,csp_lda,trial_random,20260920,trial1,3265,1632,0.601225,0.546569
eegbci,real_left_right_fist,riemann_ts_lr,trial_random,20260920,trial1,3265,1632,0.966922,0.679534
eegbci,real_left_right_fist,csp_lda,trial_random,20260920,trial2,3265,1632,0.617764,0.563113
eegbci,real_left_right_fist,riemann_ts_lr,trial_random,20260920,trial2,3265,1632,0.966616,0.697917
eegbci,real_left_right_fist,csp_lda,run_disjoint,20260916,run0,3260,1637,0.62454,0.569334
eegbci,real_left_right_fist,riemann_ts_lr,run_disjoint,20260916,run0,3260,1637,0.971166,0.661576
eegbci,real_left_right_fist,csp_lda,run_disjoint,20260916,run1,3267,1630,0.633303,0.627607
eegbci,real_left_right_fist,riemann_ts_lr,run_disjoint,20260916,run1,3267,1630,0.969697,0.688344
eegbci,real_left_right_fist,csp_lda,run_disjoint,20260916,run2,3267,1630,0.632691,0.616564
eegbci,real_left_right_fist,riemann_ts_lr,run_disjoint,20260916,run2,3267,1630,0.971534,0.69816
eegbci,real_left_right_fist,csp_lda,subject_disjoint,20260916,subj0,3240,1657,0.632407,0.616174
eegbci,real_left_right_fist,riemann_ts_lr,subject_disjoint,20260916,subj0,3240,1657,0.970988,0.604707
eegbci,real_left_right_fist,csp_lda,subject_disjoint,20260916,subj1,3280,1617,0.635976,0.595547
eegbci,real_left_right_fist,riemann_ts_lr,subject_disjoint,20260916,subj1,3280,1617,0.967683,0.603587
eegbci,real_left_right_fist,csp_lda,subject_disjoint,20260916,subj2,3274,1623,0.6292,0.597659
eegbci,real_left_right_fist,riemann_ts_lr,subject_disjoint,20260916,subj2,3274,1623,0.963653,0.635243
eegbci,real_left_right_fist,csp_lda,subject_disjoint,20260917,subj0,3219,1678,0.613855,0.625745
eegbci,real_left_right_fist,riemann_ts_lr,subject_disjoint,20260917,subj0,3219,1678,0.967071,0.628129
eegbci,real_left_right_fist,csp_lda,subject_disjoint,20260917,subj1,3292,1605,0.615128,0.591277
eegbci,real_left_right_fist,riemann_ts_lr,subject_disjoint,20260917,subj1,3292,1605,0.966586,0.6081
eegbci,real_left_right_fist,csp_lda,subject_disjoint,20260917,subj2,3283,1614,0.630825,0.600372
eegbci,real_left_right_fist,riemann_ts_lr,subject_disjoint,20260917,subj2,3283,1614,0.96558,0.625774
eegbci,real_left_right_fist,csp_lda,subject_disjoint,20260918,subj0,3235,1662,0.641731,0.610108
eegbci,real_left_right_fist,riemann_ts_lr,subject_disjoint,20260918,subj0,3235,1662,0.965997,0.620337
eegbci,real_left_right_fist,csp_lda,subject_disjoint,20260918,subj1,3289,1608,0.628763,0.61194
eegbci,real_left_right_fist,riemann_ts_lr,subject_disjoint,20260918,subj1,3289,1608,0.967771,0.60199
eegbci,real_left_right_fist,csp_lda,subject_disjoint,20260918,subj2,3270,1627,0.613456,0.564843
eegbci,real_left_right_fist,riemann_ts_lr,subject_disjoint,20260918,subj2,3270,1627,0.9737,0.616472
eegbci,real_left_right_fist,csp_lda,subject_disjoint,20260919,subj0,3244,1653,0.633169,0.61827
eegbci,real_left_right_fist,riemann_ts_lr,subject_disjoint,20260919,subj0,3244,1653,0.967633,0.635814
eegbci,real_left_right_fist,csp_lda,subject_disjoint,20260919,subj1,3258,1639,0.649478,0.61928
eegbci,real_left_right_fist,riemann_ts_lr,subject_disjoint,20260919,subj1,3258,1639,0.966851,0.625991
eegbci,real_left_right_fist,csp_lda,subject_disjoint,20260919,subj2,3292,1605,0.61938,0.585047
eegbci,real_left_right_fist,riemann_ts_lr,subject_disjoint,20260919,subj2,3292,1605,0.967801,0.606231
eegbci,real_left_right_fist,csp_lda,subject_disjoint,20260920,subj0,3237,1660,0.620327,0.593976
eegbci,real_left_right_fist,riemann_ts_lr,subject_disjoint,20260920,subj0,3237,1660,0.973123,0.621687
eegbci,real_left_right_fist,csp_lda,subject_disjoint,20260920,subj1,3280,1617,0.608537,0.626469
eegbci,real_left_right_fist,riemann_ts_lr,subject_disjoint,20260920,subj1,3280,1617,0.960976,0.651206
eegbci,real_left_right_fist,csp_lda,subject_disjoint,20260920,subj2,3277,1620,0.632896,0.583333
eegbci,real_left_right_fist,riemann_ts_lr,subject_disjoint,20260920,subj2,3277,1620,0.968264,0.616049
eegbci,imagery_fists_feet,csp_lda,trial_random,20260916,trial0,3264,1633,0.578125,0.553582
eegbci,imagery_fists_feet,riemann_ts_lr,trial_random,20260916,trial0,3264,1633,0.939338,0.630129
eegbci,imagery_fists_feet,csp_lda,trial_random,20260916,trial1,3265,1632,0.585299,0.574142
eegbci,imagery_fists_feet,riemann_ts_lr,trial_random,20260916,trial1,3265,1632,0.943645,0.617647
eegbci,imagery_fists_feet,csp_lda,trial_random,20260916,trial2,3265,1632,0.590812,0.536152
eegbci,imagery_fists_feet,riemann_ts_lr,trial_random,20260916,trial2,3265,1632,0.950077,0.620711
eegbci,imagery_fists_feet,csp_lda,trial_random,20260917,trial0,3264,1633,0.582108,0.554195
eegbci,imagery_fists_feet,riemann_ts_lr,trial_random,20260917,trial0,3264,1633,0.939645,0.619718
eegbci,imagery_fists_feet,csp_lda,trial_random,20260917,trial1,3265,1632,0.592037,0.544118
eegbci,imagery_fists_feet,riemann_ts_lr,trial_random,20260917,trial1,3265,1632,0.940276,0.623775
eegbci,imagery_fists_feet,csp_lda,trial_random,20260917,trial2,3265,1632,0.599387,0.582721
eegbci,imagery_fists_feet,riemann_ts_lr,trial_random,20260917,trial2,3265,1632,0.943032,0.617034
eegbci,imagery_fists_feet,csp_lda,trial_random,20260918,trial0,3264,1633,0.591912,0.575628
eegbci,imagery_fists_feet,riemann_ts_lr,trial_random,20260918,trial0,3264,1633,0.943321,0.600122
eegbci,imagery_fists_feet,csp_lda,trial_random,20260918,trial1,3265,1632,0.56876,0.545343
eegbci,imagery_fists_feet,riemann_ts_lr,trial_random,20260918,trial1,3265,1632,0.94977,0.606618
eegbci,imagery_fists_feet,csp_lda,trial_random,20260918,trial2,3265,1632,0.581623,0.557598
eegbci,imagery_fists_feet,riemann_ts_lr,trial_random,20260918,trial2,3265,1632,0.939051,0.623162
eegbci,imagery_fists_feet,csp_lda,trial_random,20260919,trial0,3264,1633,0.58701,0.559094
eegbci,imagery_fists_feet,riemann_ts_lr,trial_random,20260919,trial0,3264,1633,0.939338,0.619106
eegbci,imagery_fists_feet,csp_lda,trial_random,20260919,trial1,3265,1632,0.592649,0.556985
eegbci,imagery_fists_feet,riemann_ts_lr,trial_random,20260919,trial1,3265,1632,0.941501,0.636642
eegbci,imagery_fists_feet,csp_lda,trial_random,20260919,trial2,3265,1632,0.567841,0.541667
eegbci,imagery_fists_feet,riemann_ts_lr,trial_random,20260919,trial2,3265,1632,0.941194,0.602941
eegbci,imagery_fists_feet,csp_lda,trial_random,20260920,trial0,3264,1633,0.56587,0.556644
eegbci,imagery_fists_feet,riemann_ts_lr,trial_random,20260920,trial0,3264,1633,0.947304,0.616044
eegbci,imagery_fists_feet,csp_lda,trial_random,20260920,trial1,3265,1632,0.58193,0.573529
eegbci,imagery_fists_feet,riemann_ts_lr,trial_random,20260920,trial1,3265,1632,0.938438,0.612745
eegbci,imagery_fists_feet,csp_lda,trial_random,20260920,trial2,3265,1632,0.580398,0.518995
eegbci,imagery_fists_feet,riemann_ts_lr,trial_random,20260920,trial2,3265,1632,0.938438,0.615809
eegbci,imagery_fists_feet,csp_lda,run_disjoint,20260916,run0,3265,1632,0.62144,0.590686
eegbci,imagery_fists_feet,riemann_ts_lr,run_disjoint,20260916,run0,3265,1632,0.935069,0.654412
eegbci,imagery_fists_feet,csp_lda,run_disjoint,20260916,run1,3265,1632,0.600306,0.5625
eegbci,imagery_fists_feet,riemann_ts_lr,run_disjoint,20260916,run1,3265,1632,0.939969,0.639706
eegbci,imagery_fists_feet,csp_lda,run_disjoint,20260916,run2,3264,1633,0.586703,0.580527
eegbci,imagery_fists_feet,riemann_ts_lr,run_disjoint,20260916,run2,3264,1633,0.940564,0.642988
eegbci,imagery_fists_feet,csp_lda,subject_disjoint,20260916,subj0,3241,1656,0.589324,0.577899
eegbci,imagery_fists_feet,riemann_ts_lr,subject_disjoint,20260916,subj0,3241,1656,0.945387,0.57971
eegbci,imagery_fists_feet,csp_lda,subject_disjoint,20260916,subj1,3280,1617,0.6,0.593074
eegbci,imagery_fists_feet,riemann_ts_lr,subject_disjoint,20260916,subj1,3280,1617,0.947561,0.562152
eegbci,imagery_fists_feet,csp_lda,subject_disjoint,20260916,subj2,3273,1624,0.612282,0.597291
eegbci,imagery_fists_feet,riemann_ts_lr,subject_disjoint,20260916,subj2,3273,1624,0.945921,0.581897
eegbci,imagery_fists_feet,csp_lda,subject_disjoint,20260917,subj0,3222,1675,0.593731,0.580896
eegbci,imagery_fists_feet,riemann_ts_lr,subject_disjoint,20260917,subj0,3222,1675,0.937616,0.560597
eegbci,imagery_fists_feet,csp_lda,subject_disjoint,20260917,subj1,3289,1608,0.602007,0.577736
eegbci,imagery_fists_feet,riemann_ts_lr,subject_disjoint,20260917,subj1,3289,1608,0.947096,0.592662
eegbci,imagery_fists_feet,csp_lda,subject_disjoint,20260917,subj2,3283,1614,0.608285,0.543371
eegbci,imagery_fists_feet,riemann_ts_lr,subject_disjoint,20260917,subj2,3283,1614,0.949741,0.586741
eegbci,imagery_fists_feet,csp_lda,subject_disjoint,20260918,subj0,3229,1668,0.589347,0.576739
eegbci,imagery_fists_feet,riemann_ts_lr,subject_disjoint,20260918,subj0,3229,1668,0.947662,0.585132
eegbci,imagery_fists_feet,csp_lda,subject_disjoint,20260918,subj1,3288,1609,0.597628,0.564326
eegbci,imagery_fists_feet,riemann_ts_lr,subject_disjoint,20260918,subj1,3288,1609,0.943735,0.59105
eegbci,imagery_fists_feet,csp_lda,subject_disjoint,20260918,subj2,3277,1620,0.597193,0.546296
eegbci,imagery_fists_feet,riemann_ts_lr,subject_disjoint,20260918,subj2,3277,1620,0.947513,0.559877
eegbci,imagery_fists_feet,csp_lda,subject_disjoint,20260919,subj0,3241,1656,0.593027,0.57971
eegbci,imagery_fists_feet,riemann_ts_lr,subject_disjoint,20260919,subj0,3241,1656,0.938291,0.606884
eegbci,imagery_fists_feet,csp_lda,subject_disjoint,20260919,subj1,3264,1633,0.587316,0.555419
eegbci,imagery_fists_feet,riemann_ts_lr,subject_disjoint,20260919,subj1,3264,1633,0.94761,0.577465
eegbci,imagery_fists_feet,csp_lda,subject_disjoint,20260919,subj2,3289,1608,0.615081,0.569652
eegbci,imagery_fists_feet,riemann_ts_lr,subject_disjoint,20260919,subj2,3289,1608,0.951353,0.569652
eegbci,imagery_fists_feet,csp_lda,subject_disjoint,20260920,subj0,3242,1655,0.602714,0.589728
eegbci,imagery_fists_feet,riemann_ts_lr,subject_disjoint,20260920,subj0,3242,1655,0.945404,0.596979
eegbci,imagery_fists_feet,csp_lda,subject_disjoint,20260920,subj1,3279,1618,0.592254,0.570457
eegbci,imagery_fists_feet,riemann_ts_lr,subject_disjoint,20260920,subj1,3279,1618,0.937786,0.589617
eegbci,imagery_fists_feet,csp_lda,subject_disjoint,20260920,subj2,3273,1624,0.593951,0.565887
eegbci,imagery_fists_feet,riemann_ts_lr,subject_disjoint,20260920,subj2,3273,1624,0.948365,0.597291
eegbci,real_fists_feet,csp_lda,trial_random,20260916,trial0,3252,1627,0.578721,0.576521
eegbci,real_fists_feet,riemann_ts_lr,trial_random,20260916,trial0,3252,1627,0.978782,0.754763
eegbci,real_fists_feet,csp_lda,trial_random,20260916,trial1,3253,1626,0.567476,0.566421
eegbci,real_fists_feet,riemann_ts_lr,trial_random,20260916,trial1,3253,1626,0.981555,0.729397
eegbci,real_fists_feet,csp_lda,trial_random,20260916,trial2,3253,1626,0.569321,0.565806
eegbci,real_fists_feet,riemann_ts_lr,trial_random,20260916,trial2,3253,1626,0.976637,0.733702
eegbci,real_fists_feet,csp_lda,trial_random,20260917,trial0,3252,1627,0.583333,0.568531
eegbci,real_fists_feet,riemann_ts_lr,trial_random,20260917,trial0,3252,1627,0.981242,0.733866
eegbci,real_fists_feet,csp_lda,trial_random,20260917,trial1,3253,1626,0.587458,0.568266
eegbci,real_fists_feet,riemann_ts_lr,trial_random,20260917,trial1,3253,1626,0.981248,0.720787
eegbci,real_fists_feet,csp_lda,trial_random,20260917,trial2,3253,1626,0.609899,0.591636
eegbci,real_fists_feet,riemann_ts_lr,trial_random,20260917,trial2,3253,1626,0.978789,0.740467
eegbci,real_fists_feet,csp_lda,trial_random,20260918,trial0,3252,1627,0.583026,0.568531
eegbci,real_fists_feet,riemann_ts_lr,trial_random,20260918,trial0,3252,1627,0.983087,0.749232
eegbci,real_fists_feet,csp_lda,trial_random,20260918,trial1,3253,1626,0.578235,0.565191
eegbci,real_fists_feet,riemann_ts_lr,trial_random,20260918,trial1,3253,1626,0.982478,0.730012
eegbci,real_fists_feet,csp_lda,trial_random,20260918,trial2,3253,1626,0.570858,0.592866
eegbci,real_fists_feet,riemann_ts_lr,trial_random,20260918,trial2,3253,1626,0.976022,0.736162
eegbci,real_fists_feet,csp_lda,trial_random,20260919,trial0,3252,1627,0.605781,0.58697
eegbci,real_fists_feet,riemann_ts_lr,trial_random,20260919,trial0,3252,1627,0.978167,0.730178
eegbci,real_fists_feet,csp_lda,trial_random,20260919,trial1,3253,1626,0.577928,0.605781
eegbci,real_fists_feet,riemann_ts_lr,trial_random,20260919,trial1,3253,1626,0.9834,0.726322
eegbci,real_fists_feet,csp_lda,trial_random,20260919,trial2,3253,1626,0.581924,0.562731
eegbci,real_fists_feet,riemann_ts_lr,trial_random,20260919,trial2,3253,1626,0.976637,0.750308
eegbci,real_fists_feet,csp_lda,trial_random,20260920,trial0,3252,1627,0.563346,0.550092
eegbci,real_fists_feet,riemann_ts_lr,trial_random,20260920,trial0,3252,1627,0.978167,0.754149
eegbci,real_fists_feet,csp_lda,trial_random,20260920,trial1,3253,1626,0.612973,0.584256
eegbci,real_fists_feet,riemann_ts_lr,trial_random,20260920,trial1,3253,1626,0.979096,0.731857
eegbci,real_fists_feet,csp_lda,trial_random,20260920,trial2,3253,1626,0.579465,0.565191
eegbci,real_fists_feet,riemann_ts_lr,trial_random,20260920,trial2,3253,1626,0.978481,0.738622
eegbci,real_fists_feet,csp_lda,run_disjoint,20260916,run0,3260,1619,0.593252,0.578135
eegbci,real_fists_feet,riemann_ts_lr,run_disjoint,20260916,run0,3260,1619,0.980675,0.731316
eegbci,real_fists_feet,csp_lda,run_disjoint,20260916,run1,3249,1630,0.574023,0.590184
eegbci,real_fists_feet,riemann_ts_lr,run_disjoint,20260916,run1,3249,1630,0.977532,0.760736
eegbci,real_fists_feet,csp_lda,run_disjoint,20260916,run2,3249,1630,0.578332,0.56319
eegbci,real_fists_feet,riemann_ts_lr,run_disjoint,20260916,run2,3249,1630,0.983995,0.725767
eegbci,real_fists_feet,csp_lda,subject_disjoint,20260916,subj0,3229,1650,0.581295,0.589697
eegbci,real_fists_feet,riemann_ts_lr,subject_disjoint,20260916,subj0,3229,1650,0.978631,0.655758
eegbci,real_fists_feet,csp_lda,subject_disjoint,20260916,subj1,3262,1617,0.589822,0.550402
eegbci,real_fists_feet,riemann_ts_lr,subject_disjoint,20260916,subj1,3262,1617,0.987124,0.651824
eegbci,real_fists_feet,csp_lda,subject_disjoint,20260916,subj2,3267,1612,0.581267,0.574442
eegbci,real_fists_feet,riemann_ts_lr,subject_disjoint,20260916,subj2,3267,1612,0.976125,0.652605
eegbci,real_fists_feet,csp_lda,subject_disjoint,20260917,subj0,3208,1671,0.552993,0.563734
eegbci,real_fists_feet,riemann_ts_lr,subject_disjoint,20260917,subj0,3208,1671,0.980362,0.672651
eegbci,real_fists_feet,csp_lda,subject_disjoint,20260917,subj1,3285,1594,0.576865,0.550816
eegbci,real_fists_feet,riemann_ts_lr,subject_disjoint,20260917,subj1,3285,1594,0.980518,0.667503
eegbci,real_fists_feet,csp_lda,subject_disjoint,20260917,subj2,3265,1614,0.584074,0.589219
eegbci,real_fists_feet,riemann_ts_lr,subject_disjoint,20260917,subj2,3265,1614,0.98193,0.640025
eegbci,real_fists_feet,csp_lda,subject_disjoint,20260918,subj0,3217,1662,0.561082,0.591456
eegbci,real_fists_feet,riemann_ts_lr,subject_disjoint,20260918,subj0,3217,1662,0.981349,0.675692
eegbci,real_fists_feet,csp_lda,subject_disjoint,20260918,subj1,3282,1597,0.587751,0.561678
eegbci,real_fists_feet,riemann_ts_lr,subject_disjoint,20260918,subj1,3282,1597,0.984156,0.639324
eegbci,real_fists_feet,csp_lda,subject_disjoint,20260918,subj2,3259,1620,0.578705,0.58642
eegbci,real_fists_feet,riemann_ts_lr,subject_disjoint,20260918,subj2,3259,1620,0.979135,0.633951
eegbci,real_fists_feet,csp_lda,subject_disjoint,20260919,subj0,3226,1653,0.557037,0.603751
eegbci,real_fists_feet,riemann_ts_lr,subject_disjoint,20260919,subj0,3226,1653,0.975201,0.672111
eegbci,real_fists_feet,csp_lda,subject_disjoint,20260919,subj1,3258,1621,0.592695,0.556447
eegbci,real_fists_feet,riemann_ts_lr,subject_disjoint,20260919,subj1,3258,1621,0.982198,0.647748
eegbci,real_fists_feet,csp_lda,subject_disjoint,20260919,subj2,3274,1605,0.584606,0.571963
eegbci,real_fists_feet,riemann_ts_lr,subject_disjoint,20260919,subj2,3274,1605,0.984117,0.642368
eegbci,real_fists_feet,csp_lda,subject_disjoint,20260920,subj0,3226,1653,0.579665,0.572293
eegbci,real_fists_feet,riemann_ts_lr,subject_disjoint,20260920,subj0,3226,1653,0.982641,0.635814
eegbci,real_fists_feet,csp_lda,subject_disjoint,20260920,subj1,3262,1617,0.560699,0.583179
eegbci,real_fists_feet,riemann_ts_lr,subject_disjoint,20260920,subj1,3262,1617,0.98038,0.663575
eegbci,real_fists_feet,csp_lda,subject_disjoint,20260920,subj2,3270,1609,0.578593,0.533872
eegbci,real_fists_feet,riemann_ts_lr,subject_disjoint,20260920,subj2,3270,1609,0.985321,0.658794
