task,protocol,seed,fold,C,n_train,n_test,train_acc,test_acc,w_norm,n_iter
imagery_left_right_fist,trial_random,20260916,trial0,0.0001,3265,1633,0.574579,0.533374,0.0312986,10
imagery_left_right_fist,trial_random,20260916,trial0,0.001,3265,1633,0.645636,0.556644,0.254775,14
imagery_left_right_fist,trial_random,20260916,trial0,0.01,3265,1633,0.754364,0.645438,1.63193,37
imagery_left_right_fist,trial_random,20260916,trial0,0.1,3265,1633,0.862175,0.666258,7.00595,113
imagery_left_right_fist,trial_random,20260916,trial0,1.0,3265,1633,0.945789,0.633803,22.8338,210
imagery_left_right_fist,trial_random,20260916,trial0,10.0,3265,1633,1,0.617269,63.6069,415
imagery_left_right_fist,trial_random,20260916,trial0,100.0,3265,1633,1,0.611758,132.924,399
imagery_left_right_fist,trial_random,20260916,trial0,1000.0,3265,1633,1,0.617881,248.763,226
imagery_left_right_fist,trial_random,20260916,trial1,0.0001,3265,1633,0.590199,0.547459,0.0300221,9
imagery_left_right_fist,trial_random,20260916,trial1,0.001,3265,1633,0.647473,0.596448,0.251226,8
imagery_left_right_fist,trial_random,20260916,trial1,0.01,3265,1633,0.752221,0.64605,1.59963,43
imagery_left_right_fist,trial_random,20260916,trial1,0.1,3265,1633,0.859724,0.696877,6.91032,105
imagery_left_right_fist,trial_random,20260916,trial1,1.0,3265,1633,0.940276,0.666871,22.7403,218
imagery_left_right_fist,trial_random,20260916,trial1,10.0,3265,1633,0.997856,0.628904,64.1949,443
imagery_left_right_fist,trial_random,20260916,trial1,100.0,3265,1633,1,0.623393,132.82,578
imagery_left_right_fist,trial_random,20260916,trial1,1000.0,3265,1633,1,0.627067,228.674,298
imagery_left_right_fist,trial_random,20260916,trial2,0.0001,3266,1632,0.575321,0.53125,0.0312472,10
imagery_left_right_fist,trial_random,20260916,trial2,0.001,3266,1632,0.667483,0.585784,0.256838,12
imagery_left_right_fist,trial_random,20260916,trial2,0.01,3266,1632,0.769443,0.63848,1.65441,40
imagery_left_right_fist,trial_random,20260916,trial2,0.1,3266,1632,0.863135,0.65625,7.01806,111
imagery_left_right_fist,trial_random,20260916,trial2,1.0,3266,1632,0.946724,0.645221,22.6723,215
imagery_left_right_fist,trial_random,20260916,trial2,10.0,3266,1632,0.999694,0.606618,63.188,442
imagery_left_right_fist,trial_random,20260916,trial2,100.0,3266,1632,1,0.603554,125.639,554
imagery_left_right_fist,trial_random,20260916,trial2,1000.0,3266,1632,1,0.618873,234.192,283
imagery_left_right_fist,trial_random,20260917,trial0,0.0001,3265,1633,0.574885,0.5297,0.0310766,10
imagery_left_right_fist,trial_random,20260917,trial0,0.001,3265,1633,0.645636,0.568279,0.255877,15
imagery_left_right_fist,trial_random,20260917,trial0,0.01,3265,1633,0.759571,0.649724,1.6401,39
imagery_left_right_fist,trial_random,20260917,trial0,0.1,3265,1633,0.864931,0.676669,6.99844,114
imagery_left_right_fist,trial_random,20260917,trial0,1.0,3265,1633,0.950383,0.649112,22.8991,246
imagery_left_right_fist,trial_random,20260917,trial0,10.0,3265,1633,0.999694,0.628904,63.238,448
imagery_left_right_fist,trial_random,20260917,trial0,100.0,3265,1633,1,0.625842,126.587,499
imagery_left_right_fist,trial_random,20260917,trial0,1000.0,3265,1633,1,0.627067,236.219,281
imagery_left_right_fist,trial_random,20260917,trial1,0.0001,3265,1633,0.566616,0.521127,0.0321635,11
imagery_left_right_fist,trial_random,20260917,trial1,0.001,3265,1633,0.651149,0.573791,0.257791,12
imagery_left_right_fist,trial_random,20260917,trial1,0.01,3265,1633,0.754364,0.642376,1.61896,42
imagery_left_right_fist,trial_random,20260917,trial1,0.1,3265,1633,0.859418,0.667483,6.95844,105
imagery_left_right_fist,trial_random,20260917,trial1,1.0,3265,1633,0.945176,0.658298,22.7887,236
imagery_left_right_fist,trial_random,20260917,trial1,10.0,3265,1633,0.998162,0.636865,63.6392,486
imagery_left_right_fist,trial_random,20260917,trial1,100.0,3265,1633,1,0.625842,132.058,448
imagery_left_right_fist,trial_random,20260917,trial1,1000.0,3265,1633,1,0.628291,236.133,339
imagery_left_right_fist,trial_random,20260917,trial2,0.0001,3266,1632,0.569504,0.509191,0.0311519,11
imagery_left_right_fist,trial_random,20260917,trial2,0.001,3266,1632,0.659522,0.570466,0.256572,18
imagery_left_right_fist,trial_random,20260917,trial2,0.01,3266,1632,0.75842,0.617034,1.64383,38
imagery_left_right_fist,trial_random,20260917,trial2,0.1,3266,1632,0.863442,0.648897,7.05279,118
imagery_left_right_fist,trial_random,20260917,trial2,1.0,3266,1632,0.951317,0.639706,22.7909,254
imagery_left_right_fist,trial_random,20260917,trial2,10.0,3266,1632,0.999081,0.618873,62.4262,429
imagery_left_right_fist,trial_random,20260917,trial2,100.0,3266,1632,1,0.620711,125.874,510
imagery_left_right_fist,trial_random,20260917,trial2,1000.0,3266,1632,1,0.616422,230.711,236
imagery_left_right_fist,trial_random,20260918,trial0,0.0001,3265,1633,0.576723,0.526638,0.0323072,11
imagery_left_right_fist,trial_random,20260918,trial0,0.001,3265,1633,0.650536,0.565217,0.259407,15
imagery_left_right_fist,trial_random,20260918,trial0,0.01,3265,1633,0.751608,0.642376,1.63156,32
imagery_left_right_fist,trial_random,20260918,trial0,0.1,3265,1633,0.859418,0.672382,6.95687,86
imagery_left_right_fist,trial_random,20260918,trial0,1.0,3265,1633,0.947933,0.653399,22.6794,243
imagery_left_right_fist,trial_random,20260918,trial0,10.0,3265,1633,0.999081,0.627679,63.8131,414
imagery_left_right_fist,trial_random,20260918,trial0,100.0,3265,1633,1,0.619106,131.649,492
imagery_left_right_fist,trial_random,20260918,trial0,1000.0,3265,1633,1,0.629516,270.417,246
imagery_left_right_fist,trial_random,20260918,trial1,0.0001,3265,1633,0.586524,0.5297,0.031232,10
imagery_left_right_fist,trial_random,20260918,trial1,0.001,3265,1633,0.648392,0.562768,0.256852,12
imagery_left_right_fist,trial_random,20260918,trial1,0.01,3265,1633,0.758959,0.630741,1.63929,31
imagery_left_right_fist,trial_random,20260918,trial1,0.1,3265,1633,0.866462,0.660747,7.03353,84
imagery_left_right_fist,trial_random,20260918,trial1,1.0,3265,1633,0.954364,0.641764,22.8088,263
imagery_left_right_fist,trial_random,20260918,trial1,10.0,3265,1633,0.999081,0.612982,62.8888,451
imagery_left_right_fist,trial_random,20260918,trial1,100.0,3265,1633,1,0.606859,126.395,528
imagery_left_right_fist,trial_random,20260918,trial1,1000.0,3265,1633,1,0.634415,243.253,210
imagery_left_right_fist,trial_random,20260918,trial2,0.0001,3266,1632,0.56583,0.537377,0.0303828,11
imagery_left_right_fist,trial_random,20260918,trial2,0.001,3266,1632,0.64207,0.583946,0.250063,18
imagery_left_right_fist,trial_random,20260918,trial2,0.01,3266,1632,0.743111,0.658088,1.62041,45
imagery_left_right_fist,trial_random,20260918,trial2,0.1,3266,1632,0.859461,0.683211,6.99587,125
imagery_left_right_fist,trial_random,20260918,trial2,1.0,3266,1632,0.952235,0.656863,23.0674,234
imagery_left_right_fist,trial_random,20260918,trial2,10.0,3266,1632,0.999694,0.631127,63.405,417
imagery_left_right_fist,trial_random,20260918,trial2,100.0,3266,1632,1,0.631127,127.4,484
imagery_left_right_fist,trial_random,20260918,trial2,1000.0,3266,1632,1,0.634804,226.322,251
imagery_left_right_fist,trial_random,20260919,trial0,0.0001,3265,1633,0.579479,0.541947,0.0309577,10
imagery_left_right_fist,trial_random,20260919,trial0,0.001,3265,1633,0.649005,0.563993,0.253401,15
imagery_left_right_fist,trial_random,20260919,trial0,0.01,3265,1633,0.764472,0.649724,1.63521,42
imagery_left_right_fist,trial_random,20260919,trial0,0.1,3265,1633,0.861256,0.670545,7.01906,106
imagery_left_right_fist,trial_random,20260919,trial0,1.0,3265,1633,0.950077,0.639927,22.8475,199
imagery_left_right_fist,trial_random,20260919,trial0,10.0,3265,1633,0.999694,0.620943,63.3907,401
imagery_left_right_fist,trial_random,20260919,trial0,100.0,3265,1633,1,0.610533,127.287,463
imagery_left_right_fist,trial_random,20260919,trial0,1000.0,3265,1633,1,0.623393,214.341,301
imagery_left_right_fist,trial_random,20260919,trial1,0.0001,3265,1633,0.591424,0.526026,0.0317978,10
imagery_left_right_fist,trial_random,20260919,trial1,0.001,3265,1633,0.652986,0.571341,0.261595,11
imagery_left_right_fist,trial_random,20260919,trial1,0.01,3265,1633,0.762021,0.617881,1.66432,32
imagery_left_right_fist,trial_random,20260919,trial1,0.1,3265,1633,0.858806,0.636865,6.99791,105
imagery_left_right_fist,trial_random,20260919,trial1,1.0,3265,1633,0.94732,0.617881,22.7621,229
imagery_left_right_fist,trial_random,20260919,trial1,10.0,3265,1633,0.999694,0.606246,63.1462,429
imagery_left_right_fist,trial_random,20260919,trial1,100.0,3265,1633,1,0.604409,127.036,451
imagery_left_right_fist,trial_random,20260919,trial1,1000.0,3265,1633,1,0.614207,249.354,168
imagery_left_right_fist,trial_random,20260919,trial2,0.0001,3266,1632,0.559706,0.506127,0.0308698,11
imagery_left_right_fist,trial_random,20260919,trial2,0.001,3266,1632,0.648806,0.571691,0.255974,14
imagery_left_right_fist,trial_random,20260919,trial2,0.01,3266,1632,0.739437,0.636642,1.60555,47
imagery_left_right_fist,trial_random,20260919,trial2,0.1,3266,1632,0.859461,0.679534,6.93836,113
imagery_left_right_fist,trial_random,20260919,trial2,1.0,3266,1632,0.945193,0.660539,22.5928,245
imagery_left_right_fist,trial_random,20260919,trial2,10.0,3266,1632,0.999081,0.629289,64.3455,466
imagery_left_right_fist,trial_random,20260919,trial2,100.0,3266,1632,1,0.622549,133.326,434
imagery_left_right_fist,trial_random,20260919,trial2,1000.0,3266,1632,1,0.640319,262.554,238
imagery_left_right_fist,trial_random,20260920,trial0,0.0001,3265,1633,0.572741,0.515003,0.0320114,11
imagery_left_right_fist,trial_random,20260920,trial0,0.001,3265,1633,0.653599,0.598285,0.25762,16
imagery_left_right_fist,trial_random,20260920,trial0,0.01,3265,1633,0.763247,0.652786,1.63347,34
imagery_left_right_fist,trial_random,20260920,trial0,0.1,3265,1633,0.863093,0.670545,6.97593,113
imagery_left_right_fist,trial_random,20260920,trial0,1.0,3265,1633,0.946708,0.651562,22.7704,266
imagery_left_right_fist,trial_random,20260920,trial0,10.0,3265,1633,0.999387,0.614819,63.9283,385
imagery_left_right_fist,trial_random,20260920,trial0,100.0,3265,1633,1,0.611145,130.35,467
imagery_left_right_fist,trial_random,20260920,trial0,1000.0,3265,1633,1,0.624617,223.28,275
imagery_left_right_fist,trial_random,20260920,trial1,0.0001,3265,1633,0.581011,0.520514,0.0308672,10
imagery_left_right_fist,trial_random,20260920,trial1,0.001,3265,1633,0.65023,0.570729,0.253968,10
imagery_left_right_fist,trial_random,20260920,trial1,0.01,3265,1633,0.748545,0.632578,1.63535,46
imagery_left_right_fist,trial_random,20260920,trial1,0.1,3265,1633,0.854824,0.661359,6.97471,90
imagery_left_right_fist,trial_random,20260920,trial1,1.0,3265,1633,0.948239,0.641151,22.6792,229
imagery_left_right_fist,trial_random,20260920,trial1,10.0,3265,1633,0.999081,0.625842,63.4681,491
imagery_left_right_fist,trial_random,20260920,trial1,100.0,3265,1633,1,0.621555,130.824,506
imagery_left_right_fist,trial_random,20260920,trial1,1000.0,3265,1633,1,0.630129,242.809,208
imagery_left_right_fist,trial_random,20260920,trial2,0.0001,3266,1632,0.587569,0.567402,0.0306545,9
imagery_left_right_fist,trial_random,20260920,trial2,0.001,3266,1632,0.650031,0.576593,0.251086,11
imagery_left_right_fist,trial_random,20260920,trial2,0.01,3266,1632,0.75199,0.647059,1.61578,34
imagery_left_right_fist,trial_random,20260920,trial2,0.1,3266,1632,0.859461,0.670343,7.02005,111
imagery_left_right_fist,trial_random,20260920,trial2,1.0,3266,1632,0.945805,0.64277,22.9055,223
imagery_left_right_fist,trial_random,20260920,trial2,10.0,3266,1632,0.999694,0.621324,63.9171,410
imagery_left_right_fist,trial_random,20260920,trial2,100.0,3266,1632,1,0.619485,129.21,441
imagery_left_right_fist,trial_random,20260920,trial2,1000.0,3266,1632,1,0.622549,244.473,205
imagery_left_right_fist,run_disjoint,20260916,run0,0.0001,3262,1636,0.580319,0.567237,0.0286806,10
imagery_left_right_fist,run_disjoint,20260916,run0,0.001,3262,1636,0.648069,0.620416,0.242955,17
imagery_left_right_fist,run_disjoint,20260916,run0,0.01,3262,1636,0.755671,0.675428,1.60337,36
imagery_left_right_fist,run_disjoint,20260916,run0,0.1,3262,1636,0.856836,0.680318,6.95078,103
imagery_left_right_fist,run_disjoint,20260916,run0,1.0,3262,1636,0.952177,0.642421,23.0198,258
imagery_left_right_fist,run_disjoint,20260916,run0,10.0,3262,1636,1,0.611247,64.2345,446
imagery_left_right_fist,run_disjoint,20260916,run0,100.0,3262,1636,1,0.606357,131.315,494
imagery_left_right_fist,run_disjoint,20260916,run0,1000.0,3262,1636,1,0.613692,250.878,292
imagery_left_right_fist,run_disjoint,20260916,run1,0.0001,3269,1629,0.572346,0.573972,0.0296246,10
imagery_left_right_fist,run_disjoint,20260916,run1,0.001,3269,1629,0.650046,0.614487,0.247754,12
imagery_left_right_fist,run_disjoint,20260916,run1,0.01,3269,1629,0.75803,0.662983,1.63271,28
imagery_left_right_fist,run_disjoint,20260916,run1,0.1,3269,1629,0.866014,0.682627,7.02905,93
imagery_left_right_fist,run_disjoint,20260916,run1,1.0,3269,1629,0.944325,0.655617,22.7042,247
imagery_left_right_fist,run_disjoint,20260916,run1,10.0,3269,1629,0.997859,0.623082,63.5001,394
imagery_left_right_fist,run_disjoint,20260916,run1,100.0,3269,1629,1,0.618785,131.752,489
imagery_left_right_fist,run_disjoint,20260916,run1,1000.0,3269,1629,1,0.620012,269.645,276
imagery_left_right_fist,run_disjoint,20260916,run2,0.0001,3265,1633,0.579173,0.568892,0.0288486,10
imagery_left_right_fist,run_disjoint,20260916,run2,0.001,3265,1633,0.649923,0.614819,0.244381,13
imagery_left_right_fist,run_disjoint,20260916,run2,0.01,3265,1633,0.759877,0.687079,1.62005,41
imagery_left_right_fist,run_disjoint,20260916,run2,0.1,3265,1633,0.863706,0.689528,7.03016,105
imagery_left_right_fist,run_disjoint,20260916,run2,1.0,3265,1633,0.949464,0.661359,22.8891,258
imagery_left_right_fist,run_disjoint,20260916,run2,10.0,3265,1633,0.998775,0.641764,63.414,485
imagery_left_right_fist,run_disjoint,20260916,run2,100.0,3265,1633,1,0.639314,130.003,416
imagery_left_right_fist,run_disjoint,20260916,run2,1000.0,3265,1633,1,0.642376,226.343,249
imagery_left_right_fist,subject_disjoint,20260916,subj0,0.0001,3242,1656,0.575879,0.58756,0.0301622,10
imagery_left_right_fist,subject_disjoint,20260916,subj0,0.001,3242,1656,0.659161,0.589976,0.260044,10
imagery_left_right_fist,subject_disjoint,20260916,subj0,0.01,3242,1656,0.768044,0.6093,1.66998,32
imagery_left_right_fist,subject_disjoint,20260916,subj0,0.1,3242,1656,0.866132,0.603865,6.9494,78
imagery_left_right_fist,subject_disjoint,20260916,subj0,1.0,3242,1656,0.947563,0.610507,22.6833,228
imagery_left_right_fist,subject_disjoint,20260916,subj0,10.0,3242,1656,0.999075,0.592995,63.0819,386
imagery_left_right_fist,subject_disjoint,20260916,subj0,100.0,3242,1656,1,0.58756,128.536,492
imagery_left_right_fist,subject_disjoint,20260916,subj0,1000.0,3242,1656,1,0.604469,222.611,276
imagery_left_right_fist,subject_disjoint,20260916,subj1,0.0001,3280,1618,0.590549,0.548826,0.0303016,10
imagery_left_right_fist,subject_disjoint,20260916,subj1,0.001,3280,1618,0.659756,0.584672,0.259002,17
imagery_left_right_fist,subject_disjoint,20260916,subj1,0.01,3280,1618,0.780488,0.601978,1.70262,32
imagery_left_right_fist,subject_disjoint,20260916,subj1,0.1,3280,1618,0.866463,0.588999,7.14309,105
imagery_left_right_fist,subject_disjoint,20260916,subj1,1.0,3280,1618,0.953659,0.563659,22.8321,192
imagery_left_right_fist,subject_disjoint,20260916,subj1,10.0,3280,1618,1,0.55686,61.9334,430
imagery_left_right_fist,subject_disjoint,20260916,subj1,100.0,3280,1618,1,0.560569,121.377,419
imagery_left_right_fist,subject_disjoint,20260916,subj1,1000.0,3280,1618,1,0.567985,241.299,211
imagery_left_right_fist,subject_disjoint,20260916,subj2,0.0001,3274,1624,0.564753,0.551724,0.0275314,11
imagery_left_right_fist,subject_disjoint,20260916,subj2,0.001,3274,1624,0.653329,0.599138,0.233471,12
imagery_left_right_fist,subject_disjoint,20260916,subj2,0.01,3274,1624,0.763592,0.628079,1.60114,32
imagery_left_right_fist,subject_disjoint,20260916,subj2,0.1,3274,1624,0.854612,0.631773,6.99354,133
imagery_left_right_fist,subject_disjoint,20260916,subj2,1.0,3274,1624,0.946854,0.605911,22.7882,258
imagery_left_right_fist,subject_disjoint,20260916,subj2,10.0,3274,1624,0.999389,0.594828,64.3479,475
imagery_left_right_fist,subject_disjoint,20260916,subj2,100.0,3274,1624,1,0.597291,133.575,511
imagery_left_right_fist,subject_disjoint,20260916,subj2,1000.0,3274,1624,1,0.600369,230.59,327
imagery_left_right_fist,subject_disjoint,20260917,subj0,0.0001,3224,1674,0.573201,0.571087,0.0280365,10
imagery_left_right_fist,subject_disjoint,20260917,subj0,0.001,3224,1674,0.653226,0.611111,0.237609,14
imagery_left_right_fist,subject_disjoint,20260917,subj0,0.01,3224,1674,0.764268,0.619474,1.59775,33
imagery_left_right_fist,subject_disjoint,20260917,subj0,0.1,3224,1674,0.865695,0.620072,6.94699,101
imagery_left_right_fist,subject_disjoint,20260917,subj0,1.0,3224,1674,0.941687,0.613501,22.5633,257
imagery_left_right_fist,subject_disjoint,20260917,subj0,10.0,3224,1674,0.99969,0.596774,63.7938,486
imagery_left_right_fist,subject_disjoint,20260917,subj0,100.0,3224,1674,1,0.597372,131.726,503
imagery_left_right_fist,subject_disjoint,20260917,subj0,1000.0,3224,1674,1,0.603943,212.647,265
imagery_left_right_fist,subject_disjoint,20260917,subj1,0.0001,3287,1611,0.594159,0.558659,0.0290779,9
imagery_left_right_fist,subject_disjoint,20260917,subj1,0.001,3287,1611,0.648616,0.615767,0.248613,9
imagery_left_right_fist,subject_disjoint,20260917,subj1,0.01,3287,1611,0.771524,0.623836,1.66506,31
imagery_left_right_fist,subject_disjoint,20260917,subj1,0.1,3287,1611,0.870094,0.623836,7.10798,94
imagery_left_right_fist,subject_disjoint,20260917,subj1,1.0,3287,1611,0.953149,0.597145,22.9662,231
imagery_left_right_fist,subject_disjoint,20260917,subj1,10.0,3287,1611,0.999696,0.57604,62.9592,381
imagery_left_right_fist,subject_disjoint,20260917,subj1,100.0,3287,1611,1,0.570453,125.198,483
imagery_left_right_fist,subject_disjoint,20260917,subj1,1000.0,3287,1611,1,0.584109,233.298,209
imagery_left_right_fist,subject_disjoint,20260917,subj2,0.0001,3285,1613,0.578082,0.553627,0.0308883,10
imagery_left_right_fist,subject_disjoint,20260917,subj2,0.001,3285,1613,0.661796,0.587725,0.262668,15
imagery_left_right_fist,subject_disjoint,20260917,subj2,0.01,3285,1613,0.773212,0.603224,1.71163,33
imagery_left_right_fist,subject_disjoint,20260917,subj2,0.1,3285,1613,0.866971,0.623063,7.10574,108
imagery_left_right_fist,subject_disjoint,20260917,subj2,1.0,3285,1613,0.952207,0.606324,22.6332,284
imagery_left_right_fist,subject_disjoint,20260917,subj2,10.0,3285,1613,0.998782,0.588345,61.8398,444
imagery_left_right_fist,subject_disjoint,20260917,subj2,100.0,3285,1613,1,0.582765,124.466,519
imagery_left_right_fist,subject_disjoint,20260917,subj2,1000.0,3285,1613,1,0.595784,219.406,274
imagery_left_right_fist,subject_disjoint,20260918,subj0,0.0001,3227,1671,0.569569,0.576302,0.0293,9
imagery_left_right_fist,subject_disjoint,20260918,subj0,0.001,3227,1671,0.660056,0.606224,0.251558,11
imagery_left_right_fist,subject_disjoint,20260918,subj0,0.01,3227,1671,0.763867,0.617594,1.65519,33
imagery_left_right_fist,subject_disjoint,20260918,subj0,0.1,3227,1671,0.86489,0.61161,6.98928,89
imagery_left_right_fist,subject_disjoint,20260918,subj0,1.0,3227,1671,0.951348,0.593656,22.8181,242
imagery_left_right_fist,subject_disjoint,20260918,subj0,10.0,3227,1671,1,0.587672,62.123,392
imagery_left_right_fist,subject_disjoint,20260918,subj0,100.0,3227,1671,1,0.59246,125.08,369
imagery_left_right_fist,subject_disjoint,20260918,subj0,1000.0,3227,1671,1,0.596649,216.636,229
imagery_left_right_fist,subject_disjoint,20260918,subj1,0.0001,3288,1610,0.569039,0.552174,0.0287404,10
imagery_left_right_fist,subject_disjoint,20260918,subj1,0.001,3288,1610,0.642032,0.608075,0.24244,11
imagery_left_right_fist,subject_disjoint,20260918,subj1,0.01,3288,1610,0.760645,0.62236,1.61686,37
imagery_left_right_fist,subject_disjoint,20260918,subj1,0.1,3288,1610,0.856448,0.636025,6.98608,100
imagery_left_right_fist,subject_disjoint,20260918,subj1,1.0,3288,1610,0.945864,0.603727,22.8229,255
imagery_left_right_fist,subject_disjoint,20260918,subj1,10.0,3288,1610,0.998479,0.593789,64.7253,461
imagery_left_right_fist,subject_disjoint,20260918,subj1,100.0,3288,1610,1,0.587578,132.806,454
imagery_left_right_fist,subject_disjoint,20260918,subj1,1000.0,3288,1610,1,0.586957,247.76,284
imagery_left_right_fist,subject_disjoint,20260918,subj2,0.0001,3281,1617,0.579397,0.570192,0.0297115,10
imagery_left_right_fist,subject_disjoint,20260918,subj2,0.001,3281,1617,0.664127,0.581323,0.25429,18
imagery_left_right_fist,subject_disjoint,20260918,subj2,0.01,3281,1617,0.769582,0.604824,1.68635,41
imagery_left_right_fist,subject_disjoint,20260918,subj2,0.1,3281,1617,0.868942,0.612863,7.12098,117
imagery_left_right_fist,subject_disjoint,20260918,subj2,1.0,3281,1617,0.956721,0.596166,22.8621,273
imagery_left_right_fist,subject_disjoint,20260918,subj2,10.0,3281,1617,0.99939,0.584416,62.445,504
imagery_left_right_fist,subject_disjoint,20260918,subj2,100.0,3281,1617,1,0.583179,123.577,509
imagery_left_right_fist,subject_disjoint,20260918,subj2,1000.0,3281,1617,1,0.587508,222.379,223
imagery_left_right_fist,subject_disjoint,20260919,subj0,0.0001,3242,1656,0.590993,0.552536,0.0279521,10
imagery_left_right_fist,subject_disjoint,20260919,subj0,0.001,3242,1656,0.661012,0.605676,0.240926,13
imagery_left_right_fist,subject_disjoint,20260919,subj0,0.01,3242,1656,0.770204,0.618961,1.63565,38
imagery_left_right_fist,subject_disjoint,20260919,subj0,0.1,3242,1656,0.87261,0.606884,7.10108,90
imagery_left_right_fist,subject_disjoint,20260919,subj0,1.0,3242,1656,0.951265,0.592995,22.9319,228
imagery_left_right_fist,subject_disjoint,20260919,subj0,10.0,3242,1656,0.999692,0.589372,62.7541,369
imagery_left_right_fist,subject_disjoint,20260919,subj0,100.0,3242,1656,1,0.592995,125.913,407
imagery_left_right_fist,subject_disjoint,20260919,subj0,1000.0,3242,1656,1,0.583333,251.012,175
imagery_left_right_fist,subject_disjoint,20260919,subj1,0.0001,3264,1634,0.572917,0.568543,0.0295061,10
imagery_left_right_fist,subject_disjoint,20260919,subj1,0.001,3264,1634,0.64185,0.610159,0.249313,12
imagery_left_right_fist,subject_disjoint,20260919,subj1,0.01,3264,1634,0.768382,0.620563,1.66804,30
imagery_left_right_fist,subject_disjoint,20260919,subj1,0.1,3264,1634,0.862745,0.621787,7.05267,111
imagery_left_right_fist,subject_disjoint,20260919,subj1,1.0,3264,1634,0.949449,0.588739,22.8362,262
imagery_left_right_fist,subject_disjoint,20260919,subj1,10.0,3264,1634,1,0.578335,63.09,437
imagery_left_right_fist,subject_disjoint,20260919,subj1,100.0,3264,1634,1,0.574663,125.377,451
imagery_left_right_fist,subject_disjoint,20260919,subj1,1000.0,3264,1634,1,0.591187,242.08,236
imagery_left_right_fist,subject_disjoint,20260919,subj2,0.0001,3290,1608,0.583891,0.560323,0.0304501,9
imagery_left_right_fist,subject_disjoint,20260919,subj2,0.001,3290,1608,0.659271,0.596393,0.258644,15
imagery_left_right_fist,subject_disjoint,20260919,subj2,0.01,3290,1608,0.761702,0.619403,1.67408,33
imagery_left_right_fist,subject_disjoint,20260919,subj2,0.1,3290,1608,0.853799,0.599502,7.00147,103
imagery_left_right_fist,subject_disjoint,20260919,subj2,1.0,3290,1608,0.948936,0.587687,22.7854,220
imagery_left_right_fist,subject_disjoint,20260919,subj2,10.0,3290,1608,0.999392,0.569652,63.236,468
imagery_left_right_fist,subject_disjoint,20260919,subj2,100.0,3290,1608,1,0.571517,128.671,469
imagery_left_right_fist,subject_disjoint,20260919,subj2,1000.0,3290,1608,1,0.572761,224.417,279
imagery_left_right_fist,subject_disjoint,20260920,subj0,0.0001,3243,1655,0.583719,0.555287,0.0287893,10
imagery_left_right_fist,subject_disjoint,20260920,subj0,0.001,3243,1655,0.654949,0.598187,0.24617,10
imagery_left_right_fist,subject_disjoint,20260920,subj0,0.01,3243,1655,0.768424,0.607855,1.63703,23
imagery_left_right_fist,subject_disjoint,20260920,subj0,0.1,3243,1655,0.862165,0.610876,6.99521,119
imagery_left_right_fist,subject_disjoint,20260920,subj0,1.0,3243,1655,0.952205,0.603021,22.9035,231
imagery_left_right_fist,subject_disjoint,20260920,subj0,10.0,3243,1655,0.999692,0.583082,63.0531,419
imagery_left_right_fist,subject_disjoint,20260920,subj0,100.0,3243,1655,1,0.58429,123.912,428
imagery_left_right_fist,subject_disjoint,20260920,subj0,1000.0,3243,1655,1,0.589728,219.991,273
imagery_left_right_fist,subject_disjoint,20260920,subj1,0.0001,3276,1622,0.583028,0.529593,0.0300262,10
imagery_left_right_fist,subject_disjoint,20260920,subj1,0.001,3276,1622,0.644689,0.577682,0.255471,15
imagery_left_right_fist,subject_disjoint,20260920,subj1,0.01,3276,1622,0.763431,0.602959,1.68292,40
imagery_left_right_fist,subject_disjoint,20260920,subj1,0.1,3276,1622,0.869963,0.623921,7.11862,108
imagery_left_right_fist,subject_disjoint,20260920,subj1,1.0,3276,1622,0.95177,0.611591,22.9571,251
imagery_left_right_fist,subject_disjoint,20260920,subj1,10.0,3276,1622,0.999695,0.593095,61.8061,441
imagery_left_right_fist,subject_disjoint,20260920,subj1,100.0,3276,1622,1,0.588779,124.74,427
imagery_left_right_fist,subject_disjoint,20260920,subj1,1000.0,3276,1622,1,0.593095,251.695,184
imagery_left_right_fist,subject_disjoint,20260920,subj2,0.0001,3277,1621,0.581935,0.57372,0.0291008,10
imagery_left_right_fist,subject_disjoint,20260920,subj2,0.001,3277,1621,0.667074,0.59963,0.249295,10
imagery_left_right_fist,subject_disjoint,20260920,subj2,0.01,3277,1621,0.76747,0.637261,1.64512,22
imagery_left_right_fist,subject_disjoint,20260920,subj2,0.1,3277,1621,0.859323,0.637261,6.97018,87
imagery_left_right_fist,subject_disjoint,20260920,subj2,1.0,3277,1621,0.947818,0.619371,22.6704,252
imagery_left_right_fist,subject_disjoint,20260920,subj2,10.0,3277,1621,0.998169,0.589759,64.22,464
imagery_left_right_fist,subject_disjoint,20260920,subj2,100.0,3277,1621,1,0.584824,133.037,517
imagery_left_right_fist,subject_disjoint,20260920,subj2,1000.0,3277,1621,1,0.593461,272.595,246
real_left_right_fist,trial_random,20260916,trial0,0.0001,3264,1633,0.593137,0.537661,0.0366687,11
real_left_right_fist,trial_random,20260916,trial0,0.001,3264,1633,0.662684,0.588487,0.289793,9
real_left_right_fist,trial_random,20260916,trial0,0.01,3264,1633,0.791973,0.696877,1.81026,30
real_left_right_fist,trial_random,20260916,trial0,0.1,3264,1633,0.897978,0.725658,7.40083,104
real_left_right_fist,trial_random,20260916,trial0,1.0,3264,1633,0.974571,0.695652,22.8689,240
real_left_right_fist,trial_random,20260916,trial0,10.0,3264,1633,1,0.676056,56.9791,341
real_left_right_fist,trial_random,20260916,trial0,100.0,3264,1633,1,0.664421,107.258,305
real_left_right_fist,trial_random,20260916,trial0,1000.0,3264,1633,1,0.666258,179.022,145
real_left_right_fist,trial_random,20260916,trial1,0.0001,3265,1632,0.590199,0.525123,0.0344649,10
real_left_right_fist,trial_random,20260916,trial1,0.001,3265,1632,0.678407,0.602328,0.282318,12
real_left_right_fist,trial_random,20260916,trial1,0.01,3265,1632,0.794487,0.691176,1.80281,42
real_left_right_fist,trial_random,20260916,trial1,0.1,3265,1632,0.895865,0.729779,7.4354,111
real_left_right_fist,trial_random,20260916,trial1,1.0,3265,1632,0.975191,0.70098,23.0453,225
real_left_right_fist,trial_random,20260916,trial1,10.0,3265,1632,1,0.667279,57.1289,354
real_left_right_fist,trial_random,20260916,trial1,100.0,3265,1632,1,0.663603,103.391,333
real_left_right_fist,trial_random,20260916,trial1,1000.0,3265,1632,1,0.678309,191.095,175
real_left_right_fist,trial_random,20260916,trial2,0.0001,3265,1632,0.580704,0.542892,0.0341219,10
real_left_right_fist,trial_random,20260916,trial2,0.001,3265,1632,0.675038,0.623775,0.278744,11
real_left_right_fist,trial_random,20260916,trial2,0.01,3265,1632,0.795406,0.700368,1.78369,34
real_left_right_fist,trial_random,20260916,trial2,0.1,3265,1632,0.893721,0.730392,7.40363,119
real_left_right_fist,trial_random,20260916,trial2,1.0,3265,1632,0.973354,0.698529,23.1322,226
real_left_right_fist,trial_random,20260916,trial2,10.0,3265,1632,1,0.68076,58.0527,351
real_left_right_fist,trial_random,20260916,trial2,100.0,3265,1632,1,0.679534,107.131,346
real_left_right_fist,trial_random,20260916,trial2,1000.0,3265,1632,1,0.685662,191.2,172
real_left_right_fist,trial_random,20260917,trial0,0.0001,3264,1633,0.594363,0.537048,0.0353331,11
real_left_right_fist,trial_random,20260917,trial0,0.001,3264,1633,0.659007,0.596448,0.282672,10
real_left_right_fist,trial_random,20260917,trial0,0.01,3264,1633,0.793505,0.697489,1.78986,27
real_left_right_fist,trial_random,20260917,trial0,0.1,3264,1633,0.894301,0.721984,7.37694,84
real_left_right_fist,trial_random,20260917,trial0,1.0,3264,1633,0.969056,0.719535,22.9332,211
real_left_right_fist,trial_random,20260917,trial0,10.0,3264,1633,1,0.69259,58.0483,347
real_left_right_fist,trial_random,20260917,trial0,100.0,3264,1633,1,0.690141,108.386,340
real_left_right_fist,trial_random,20260917,trial0,1000.0,3264,1633,1,0.693815,205.954,184
real_left_right_fist,trial_random,20260917,trial1,0.0001,3265,1632,0.566003,0.507353,0.0370544,12
real_left_right_fist,trial_random,20260917,trial1,0.001,3265,1632,0.658193,0.575368,0.293241,17
real_left_right_fist,trial_random,20260917,trial1,0.01,3265,1632,0.793262,0.682598,1.8153,47
real_left_right_fist,trial_random,20260917,trial1,0.1,3265,1632,0.896478,0.720588,7.34505,114
real_left_right_fist,trial_random,20260917,trial1,1.0,3265,1632,0.973354,0.709559,22.6688,236
real_left_right_fist,trial_random,20260917,trial1,10.0,3265,1632,1,0.689338,57.8447,419
real_left_right_fist,trial_random,20260917,trial1,100.0,3265,1632,1,0.689338,108.882,373
real_left_right_fist,trial_random,20260917,trial1,1000.0,3265,1632,1,0.696691,203.342,193
real_left_right_fist,trial_random,20260917,trial2,0.0001,3265,1632,0.544564,0.495711,0.0330885,12
real_left_right_fist,trial_random,20260917,trial2,0.001,3265,1632,0.681776,0.615196,0.276641,20
real_left_right_fist,trial_random,20260917,trial2,0.01,3265,1632,0.7951,0.702206,1.77751,46
real_left_right_fist,trial_random,20260917,trial2,0.1,3265,1632,0.888208,0.747549,7.30683,101
real_left_right_fist,trial_random,20260917,trial2,1.0,3265,1632,0.968147,0.721201,22.8377,242
real_left_right_fist,trial_random,20260917,trial2,10.0,3265,1632,1,0.708333,59.2003,397
real_left_right_fist,trial_random,20260917,trial2,100.0,3265,1632,1,0.696078,111.657,343
real_left_right_fist,trial_random,20260917,trial2,1000.0,3265,1632,1,0.712623,226.141,189
real_left_right_fist,trial_random,20260918,trial0,0.0001,3264,1633,0.627145,0.56583,0.0338439,8
real_left_right_fist,trial_random,20260918,trial0,0.001,3264,1633,0.685662,0.617881,0.284513,11
real_left_right_fist,trial_random,20260918,trial0,0.01,3264,1633,0.792892,0.690753,1.80505,32
real_left_right_fist,trial_random,20260918,trial0,0.1,3264,1633,0.890319,0.740968,7.40384,107
real_left_right_fist,trial_random,20260918,trial0,1.0,3264,1633,0.970282,0.715248,22.9954,198
real_left_right_fist,trial_random,20260918,trial0,10.0,3264,1633,1,0.703613,57.0992,340
real_left_right_fist,trial_random,20260918,trial0,100.0,3264,1633,1,0.704838,110.461,267
real_left_right_fist,trial_random,20260918,trial0,1000.0,3264,1633,1,0.710349,193.675,154
real_left_right_fist,trial_random,20260918,trial1,0.0001,3265,1632,0.605819,0.543505,0.0367308,11
real_left_right_fist,trial_random,20260918,trial1,0.001,3265,1632,0.666462,0.581495,0.286918,11
real_left_right_fist,trial_random,20260918,trial1,0.01,3265,1632,0.7951,0.684436,1.81236,30
real_left_right_fist,trial_random,20260918,trial1,0.1,3265,1632,0.898622,0.722426,7.40937,82
real_left_right_fist,trial_random,20260918,trial1,1.0,3265,1632,0.969372,0.710784,22.7646,234
real_left_right_fist,trial_random,20260918,trial1,10.0,3265,1632,1,0.689951,57.1527,371
real_left_right_fist,trial_random,20260918,trial1,100.0,3265,1632,1,0.683211,107.749,353
real_left_right_fist,trial_random,20260918,trial1,1000.0,3265,1632,1,0.693015,198.102,155
real_left_right_fist,trial_random,20260918,trial2,0.0001,3265,1632,0.617764,0.558211,0.0347567,11
real_left_right_fist,trial_random,20260918,trial2,0.001,3265,1632,0.665544,0.59375,0.283011,9
real_left_right_fist,trial_random,20260918,trial2,0.01,3265,1632,0.784074,0.691176,1.76757,30
real_left_right_fist,trial_random,20260918,trial2,0.1,3265,1632,0.889433,0.742647,7.30756,96
real_left_right_fist,trial_random,20260918,trial2,1.0,3265,1632,0.96876,0.719975,23.0574,195
real_left_right_fist,trial_random,20260918,trial2,10.0,3265,1632,1,0.690564,58.4906,388
real_left_right_fist,trial_random,20260918,trial2,100.0,3265,1632,1,0.688725,111.248,314
real_left_right_fist,trial_random,20260918,trial2,1000.0,3265,1632,1,0.701593,191.251,146
real_left_right_fist,trial_random,20260919,trial0,0.0001,3264,1633,0.592525,0.523576,0.0364007,9
real_left_right_fist,trial_random,20260919,trial0,0.001,3264,1633,0.661152,0.590325,0.288947,16
real_left_right_fist,trial_random,20260919,trial0,0.01,3264,1633,0.791054,0.685242,1.78096,29
real_left_right_fist,trial_random,20260919,trial0,0.1,3264,1633,0.900429,0.724434,7.40171,96
real_left_right_fist,trial_random,20260919,trial0,1.0,3264,1633,0.97212,0.714636,23.0524,194
real_left_right_fist,trial_random,20260919,trial0,10.0,3264,1633,1,0.690141,57.7186,375
real_left_right_fist,trial_random,20260919,trial0,100.0,3264,1633,1,0.68463,111.443,319
real_left_right_fist,trial_random,20260919,trial0,1000.0,3264,1633,1,0.701776,217.564,154
real_left_right_fist,trial_random,20260919,trial1,0.0001,3265,1632,0.568147,0.520221,0.0352401,13
real_left_right_fist,trial_random,20260919,trial1,0.001,3265,1632,0.652374,0.577206,0.281417,18
real_left_right_fist,trial_random,20260919,trial1,0.01,3265,1632,0.788974,0.688113,1.78644,44
real_left_right_fist,trial_random,20260919,trial1,0.1,3265,1632,0.892802,0.735294,7.36734,99
real_left_right_fist,trial_random,20260919,trial1,1.0,3265,1632,0.974273,0.716299,22.9486,233
real_left_right_fist,trial_random,20260919,trial1,10.0,3265,1632,1,0.697304,57.9576,342
real_left_right_fist,trial_random,20260919,trial1,100.0,3265,1632,1,0.696078,107.204,281
real_left_right_fist,trial_random,20260919,trial1,1000.0,3265,1632,1,0.706495,213.538,160
real_left_right_fist,trial_random,20260919,trial2,0.0001,3265,1632,0.613783,0.543505,0.0342062,9
real_left_right_fist,trial_random,20260919,trial2,0.001,3265,1632,0.678714,0.590074,0.28552,11
real_left_right_fist,trial_random,20260919,trial2,0.01,3265,1632,0.794487,0.681373,1.81704,32
real_left_right_fist,trial_random,20260919,trial2,0.1,3265,1632,0.88974,0.738358,7.43689,78
real_left_right_fist,trial_random,20260919,trial2,1.0,3265,1632,0.975191,0.730392,22.9038,211
real_left_right_fist,trial_random,20260919,trial2,10.0,3265,1632,1,0.695466,56.9991,393
real_left_right_fist,trial_random,20260919,trial2,100.0,3265,1632,1,0.691176,104.877,286
real_left_right_fist,trial_random,20260919,trial2,1000.0,3265,1632,1,0.708333,193.241,132
real_left_right_fist,trial_random,20260920,trial0,0.0001,3264,1633,0.56924,0.509492,0.036068,11
real_left_right_fist,trial_random,20260920,trial0,0.001,3264,1633,0.670037,0.603184,0.283123,17
real_left_right_fist,trial_random,20260920,trial0,0.01,3264,1633,0.790748,0.687691,1.78518,42
real_left_right_fist,trial_random,20260920,trial0,0.1,3264,1633,0.888787,0.734231,7.35332,105
real_left_right_fist,trial_random,20260920,trial0,1.0,3264,1633,0.96875,0.711574,22.9115,187
real_left_right_fist,trial_random,20260920,trial0,10.0,3264,1633,1,0.693815,57.8577,334
real_left_right_fist,trial_random,20260920,trial0,100.0,3264,1633,1,0.687691,107.099,341
real_left_right_fist,trial_random,20260920,trial0,1000.0,3264,1633,1,0.696265,194.758,138
real_left_right_fist,trial_random,20260920,trial1,0.0001,3265,1632,0.612251,0.541054,0.0351191,9
real_left_right_fist,trial_random,20260920,trial1,0.001,3265,1632,0.687289,0.592525,0.287912,17
real_left_right_fist,trial_random,20260920,trial1,0.01,3265,1632,0.796631,0.669118,1.81031,39
real_left_right_fist,trial_random,20260920,trial1,0.1,3265,1632,0.885452,0.713235,7.37965,92
real_left_right_fist,trial_random,20260920,trial1,1.0,3265,1632,0.973354,0.697917,22.8199,229
real_left_right_fist,trial_random,20260920,trial1,10.0,3265,1632,1,0.671569,57.6915,316
real_left_right_fist,trial_random,20260920,trial1,100.0,3265,1632,1,0.667892,108.179,311
real_left_right_fist,trial_random,20260920,trial1,1000.0,3265,1632,1,0.68076,187.883,204
real_left_right_fist,trial_random,20260920,trial2,0.0001,3265,1632,0.581623,0.523897,0.034663,12
real_left_right_fist,trial_random,20260920,trial2,0.001,3265,1632,0.680245,0.612132,0.283155,19
real_left_right_fist,trial_random,20260920,trial2,0.01,3265,1632,0.796631,0.690564,1.80255,39
real_left_right_fist,trial_random,20260920,trial2,0.1,3265,1632,0.896478,0.735907,7.38429,119
real_left_right_fist,trial_random,20260920,trial2,1.0,3265,1632,0.969985,0.73223,22.8052,229
real_left_right_fist,trial_random,20260920,trial2,10.0,3265,1632,1,0.701593,58.1771,351
real_left_right_fist,trial_random,20260920,trial2,100.0,3265,1632,1,0.697917,107.014,357
real_left_right_fist,trial_random,20260920,trial2,1000.0,3265,1632,1,0.713848,176.217,203
real_left_right_fist,run_disjoint,20260916,run0,0.0001,3260,1637,0.630061,0.580941,0.0343385,9
real_left_right_fist,run_disjoint,20260916,run0,0.001,3260,1637,0.685276,0.62248,0.282835,9
real_left_right_fist,run_disjoint,20260916,run0,0.01,3260,1637,0.801534,0.695174,1.81745,31
real_left_right_fist,run_disjoint,20260916,run0,0.1,3260,1637,0.892025,0.718387,7.37116,107
real_left_right_fist,run_disjoint,20260916,run0,1.0,3260,1637,0.969325,0.69212,22.8037,211
real_left_right_fist,run_disjoint,20260916,run0,10.0,3260,1637,1,0.676237,57.6602,389
real_left_right_fist,run_disjoint,20260916,run0,100.0,3260,1637,1,0.656689,108.28,365
real_left_right_fist,run_disjoint,20260916,run0,1000.0,3260,1637,1,0.673794,179.926,215
real_left_right_fist,run_disjoint,20260916,run1,0.0001,3267,1630,0.620447,0.603067,0.0330613,6
real_left_right_fist,run_disjoint,20260916,run1,0.001,3267,1630,0.681359,0.64908,0.275651,9
real_left_right_fist,run_disjoint,20260916,run1,0.01,3267,1630,0.802877,0.715337,1.79268,22
real_left_right_fist,run_disjoint,20260916,run1,0.1,3267,1630,0.895011,0.738037,7.42896,95
real_left_right_fist,run_disjoint,20260916,run1,1.0,3267,1630,0.973064,0.714724,23.1116,194
real_left_right_fist,run_disjoint,20260916,run1,10.0,3267,1630,1,0.695092,57.3524,333
real_left_right_fist,run_disjoint,20260916,run1,100.0,3267,1630,1,0.696319,104.6,290
real_left_right_fist,run_disjoint,20260916,run1,1000.0,3267,1630,1,0.70184,190.109,147
real_left_right_fist,run_disjoint,20260916,run2,0.0001,3267,1630,0.61708,0.628834,0.0318919,8
real_left_right_fist,run_disjoint,20260916,run2,0.001,3267,1630,0.672176,0.652761,0.269033,9
real_left_right_fist,run_disjoint,20260916,run2,0.01,3267,1630,0.792776,0.723926,1.7723,26
real_left_right_fist,run_disjoint,20260916,run2,0.1,3267,1630,0.885828,0.742945,7.41675,106
real_left_right_fist,run_disjoint,20260916,run2,1.0,3267,1630,0.969391,0.723926,22.9737,251
real_left_right_fist,run_disjoint,20260916,run2,10.0,3267,1630,1,0.696319,58.3323,354
real_left_right_fist,run_disjoint,20260916,run2,100.0,3267,1630,1,0.692638,110.678,383
real_left_right_fist,run_disjoint,20260916,run2,1000.0,3267,1630,1,0.710429,201.291,213
real_left_right_fist,subject_disjoint,20260916,subj0,0.0001,3240,1657,0.628704,0.606518,0.0337553,8
real_left_right_fist,subject_disjoint,20260916,subj0,0.001,3240,1657,0.687037,0.623416,0.286321,9
real_left_right_fist,subject_disjoint,20260916,subj0,0.01,3240,1657,0.81358,0.636693,1.84897,26
real_left_right_fist,subject_disjoint,20260916,subj0,0.1,3240,1657,0.900926,0.656608,7.40388,116
real_left_right_fist,subject_disjoint,20260916,subj0,1.0,3240,1657,0.975309,0.628847,22.5922,231
real_left_right_fist,subject_disjoint,20260916,subj0,10.0,3240,1657,1,0.614967,56.4553,357
real_left_right_fist,subject_disjoint,20260916,subj0,100.0,3240,1657,1,0.620398,105.627,332
real_left_right_fist,subject_disjoint,20260916,subj0,1000.0,3240,1657,1,0.617984,188.682,160
real_left_right_fist,subject_disjoint,20260916,subj1,0.0001,3280,1617,0.613415,0.594929,0.033619,8
real_left_right_fist,subject_disjoint,20260916,subj1,0.001,3280,1617,0.678354,0.612245,0.282924,11
real_left_right_fist,subject_disjoint,20260916,subj1,0.01,3280,1617,0.810061,0.636364,1.83694,27
real_left_right_fist,subject_disjoint,20260916,subj1,0.1,3280,1617,0.892378,0.64564,7.47165,83
real_left_right_fist,subject_disjoint,20260916,subj1,1.0,3280,1617,0.97439,0.623995,22.9565,189
real_left_right_fist,subject_disjoint,20260916,subj1,10.0,3280,1617,1,0.618429,56.8037,360
real_left_right_fist,subject_disjoint,20260916,subj1,100.0,3280,1617,1,0.617192,105.764,323
real_left_right_fist,subject_disjoint,20260916,subj1,1000.0,3280,1617,1,0.621521,179.85,170
real_left_right_fist,subject_disjoint,20260916,subj2,0.0001,3274,1623,0.620953,0.605052,0.0320932,8
real_left_right_fist,subject_disjoint,20260916,subj2,0.001,3274,1623,0.670128,0.622921,0.269803,12
real_left_right_fist,subject_disjoint,20260916,subj2,0.01,3274,1623,0.797495,0.672828,1.78535,33
real_left_right_fist,subject_disjoint,20260916,subj2,0.1,3274,1623,0.895235,0.680838,7.40432,90
real_left_right_fist,subject_disjoint,20260916,subj2,1.0,3274,1623,0.968235,0.675909,23.0015,195
real_left_right_fist,subject_disjoint,20260916,subj2,10.0,3274,1623,1,0.655576,58.341,367
real_left_right_fist,subject_disjoint,20260916,subj2,100.0,3274,1623,1,0.649415,108.838,378
real_left_right_fist,subject_disjoint,20260916,subj2,1000.0,3274,1623,1,0.649415,207.251,176
real_left_right_fist,subject_disjoint,20260917,subj0,0.0001,3219,1678,0.613545,0.615614,0.0318552,9
real_left_right_fist,subject_disjoint,20260917,subj0,0.001,3219,1678,0.675365,0.63528,0.266397,10
real_left_right_fist,subject_disjoint,20260917,subj0,0.01,3219,1678,0.799006,0.665077,1.76589,32
real_left_right_fist,subject_disjoint,20260917,subj0,0.1,3219,1678,0.894688,0.663886,7.36678,81
real_left_right_fist,subject_disjoint,20260917,subj0,1.0,3219,1678,0.977633,0.643623,23.0463,206
real_left_right_fist,subject_disjoint,20260917,subj0,10.0,3219,1678,1,0.623957,57.2447,356
real_left_right_fist,subject_disjoint,20260917,subj0,100.0,3219,1678,1,0.626937,106.323,356
real_left_right_fist,subject_disjoint,20260917,subj0,1000.0,3219,1678,1,0.636472,183.811,173
real_left_right_fist,subject_disjoint,20260917,subj1,0.0001,3292,1605,0.612394,0.586293,0.0335767,8
real_left_right_fist,subject_disjoint,20260917,subj1,0.001,3292,1605,0.689247,0.611838,0.284728,11
real_left_right_fist,subject_disjoint,20260917,subj1,0.01,3292,1605,0.815917,0.647975,1.8655,29
real_left_right_fist,subject_disjoint,20260917,subj1,0.1,3292,1605,0.90158,0.633022,7.44655,98
real_left_right_fist,subject_disjoint,20260917,subj1,1.0,3292,1605,0.970535,0.619938,22.7116,194
real_left_right_fist,subject_disjoint,20260917,subj1,10.0,3292,1605,1,0.604984,57.4902,348
real_left_right_fist,subject_disjoint,20260917,subj1,100.0,3292,1605,1,0.608723,107.522,332
real_left_right_fist,subject_disjoint,20260917,subj1,1000.0,3292,1605,1,0.596885,208.418,172
real_left_right_fist,subject_disjoint,20260917,subj2,0.0001,3283,1614,0.626561,0.592317,0.0343282,7
real_left_right_fist,subject_disjoint,20260917,subj2,0.001,3283,1614,0.685958,0.608426,0.28912,11
real_left_right_fist,subject_disjoint,20260917,subj2,0.01,3283,1614,0.805361,0.652416,1.85768,29
real_left_right_fist,subject_disjoint,20260917,subj2,0.1,3283,1614,0.903747,0.666047,7.48819,75
real_left_right_fist,subject_disjoint,20260917,subj2,1.0,3283,1614,0.971977,0.649318,22.777,191
real_left_right_fist,subject_disjoint,20260917,subj2,10.0,3283,1614,1,0.627633,56.7592,375
real_left_right_fist,subject_disjoint,20260917,subj2,100.0,3283,1614,1,0.623296,104.92,333
real_left_right_fist,subject_disjoint,20260917,subj2,1000.0,3283,1614,1,0.630112,194.208,161
real_left_right_fist,subject_disjoint,20260918,subj0,0.0001,3235,1662,0.611437,0.613117,0.0319287,8
real_left_right_fist,subject_disjoint,20260918,subj0,0.001,3235,1662,0.675734,0.626354,0.267408,8
real_left_right_fist,subject_disjoint,20260918,subj0,0.01,3235,1662,0.800618,0.66426,1.77073,31
real_left_right_fist,subject_disjoint,20260918,subj0,0.1,3235,1662,0.889335,0.657641,7.36619,112
real_left_right_fist,subject_disjoint,20260918,subj0,1.0,3235,1662,0.973725,0.637786,23.0101,247
real_left_right_fist,subject_disjoint,20260918,subj0,10.0,3235,1662,1,0.628159,57.7834,377
real_left_right_fist,subject_disjoint,20260918,subj0,100.0,3235,1662,1,0.62515,109.783,331
real_left_right_fist,subject_disjoint,20260918,subj0,1000.0,3235,1662,1,0.62515,200.19,179
real_left_right_fist,subject_disjoint,20260918,subj1,0.0001,3289,1608,0.615993,0.604478,0.0346768,7
real_left_right_fist,subject_disjoint,20260918,subj1,0.001,3289,1608,0.678626,0.624378,0.28906,14
real_left_right_fist,subject_disjoint,20260918,subj1,0.01,3289,1608,0.807236,0.652985,1.85944,34
real_left_right_fist,subject_disjoint,20260918,subj1,0.1,3289,1608,0.895105,0.64801,7.45132,107
real_left_right_fist,subject_disjoint,20260918,subj1,1.0,3289,1608,0.976589,0.628731,22.8201,239
real_left_right_fist,subject_disjoint,20260918,subj1,10.0,3289,1608,1,0.616915,57.1694,309
real_left_right_fist,subject_disjoint,20260918,subj1,100.0,3289,1608,1,0.613806,106.037,296
real_left_right_fist,subject_disjoint,20260918,subj1,1000.0,3289,1608,1,0.621891,199.703,142
real_left_right_fist,subject_disjoint,20260918,subj2,0.0001,3270,1627,0.640061,0.592502,0.0331495,8
real_left_right_fist,subject_disjoint,20260918,subj2,0.001,3270,1627,0.692966,0.591272,0.283333,9
real_left_right_fist,subject_disjoint,20260918,subj2,0.01,3270,1627,0.816208,0.623848,1.86089,24
real_left_right_fist,subject_disjoint,20260918,subj2,0.1,3270,1627,0.906728,0.642901,7.53988,97
real_left_right_fist,subject_disjoint,20260918,subj2,1.0,3270,1627,0.975841,0.634296,22.881,223
real_left_right_fist,subject_disjoint,20260918,subj2,10.0,3270,1627,1,0.614014,55.82,324
real_left_right_fist,subject_disjoint,20260918,subj2,100.0,3270,1627,1,0.608482,100.802,320
real_left_right_fist,subject_disjoint,20260918,subj2,1000.0,3270,1627,1,0.622618,204.023,109
real_left_right_fist,subject_disjoint,20260919,subj0,0.0001,3244,1653,0.624538,0.630369,0.030942,9
real_left_right_fist,subject_disjoint,20260919,subj0,0.001,3244,1653,0.668927,0.661222,0.262264,16
real_left_right_fist,subject_disjoint,20260919,subj0,0.01,3244,1653,0.802404,0.683606,1.75616,30
real_left_right_fist,subject_disjoint,20260919,subj0,0.1,3244,1653,0.893958,0.673321,7.41955,110
real_left_right_fist,subject_disjoint,20260919,subj0,1.0,3244,1653,0.969482,0.648518,23.0899,252
real_left_right_fist,subject_disjoint,20260919,subj0,10.0,3244,1653,1,0.644888,57.8492,360
real_left_right_fist,subject_disjoint,20260919,subj0,100.0,3244,1653,1,0.633999,110.377,274
real_left_right_fist,subject_disjoint,20260919,subj0,1000.0,3244,1653,1,0.629764,188.536,176
real_left_right_fist,subject_disjoint,20260919,subj1,0.0001,3258,1639,0.612953,0.599146,0.0346389,9
real_left_right_fist,subject_disjoint,20260919,subj1,0.001,3258,1639,0.68232,0.6205,0.289121,14
real_left_right_fist,subject_disjoint,20260919,subj1,0.01,3258,1639,0.805709,0.652227,1.85549,34
real_left_right_fist,subject_disjoint,20260919,subj1,0.1,3258,1639,0.900552,0.651617,7.40112,87
real_left_right_fist,subject_disjoint,20260919,subj1,1.0,3258,1639,0.975138,0.636974,22.7206,200
real_left_right_fist,subject_disjoint,20260919,subj1,10.0,3258,1639,1,0.628432,56.7513,311
real_left_right_fist,subject_disjoint,20260919,subj1,100.0,3258,1639,1,0.626602,106.545,287
real_left_right_fist,subject_disjoint,20260919,subj1,1000.0,3258,1639,1,0.636364,211.768,155
real_left_right_fist,subject_disjoint,20260919,subj2,0.0001,3292,1605,0.624848,0.585047,0.0342917,5
real_left_right_fist,subject_disjoint,20260919,subj2,0.001,3292,1605,0.698056,0.598754,0.289113,11
real_left_right_fist,subject_disjoint,20260919,subj2,0.01,3292,1605,0.817132,0.650467,1.88636,26
real_left_right_fist,subject_disjoint,20260919,subj2,0.1,3292,1605,0.904313,0.655452,7.54577,97
real_left_right_fist,subject_disjoint,20260919,subj2,1.0,3292,1605,0.973876,0.637383,22.7156,216
real_left_right_fist,subject_disjoint,20260919,subj2,10.0,3292,1605,1,0.629283,55.7167,295
real_left_right_fist,subject_disjoint,20260919,subj2,100.0,3292,1605,1,0.62243,105.202,272
real_left_right_fist,subject_disjoint,20260919,subj2,1000.0,3292,1605,1,0.624299,180.914,128
real_left_right_fist,subject_disjoint,20260920,subj0,0.0001,3237,1660,0.606117,0.565663,0.0337998,11
real_left_right_fist,subject_disjoint,20260920,subj0,0.001,3237,1660,0.67717,0.60241,0.281758,10
real_left_right_fist,subject_disjoint,20260920,subj0,0.01,3237,1660,0.807229,0.656024,1.83581,32
real_left_right_fist,subject_disjoint,20260920,subj0,0.1,3237,1660,0.905468,0.651807,7.47483,98
real_left_right_fist,subject_disjoint,20260920,subj0,1.0,3237,1660,0.977757,0.64759,22.9457,196
real_left_right_fist,subject_disjoint,20260920,subj0,10.0,3237,1660,1,0.637952,55.4068,371
real_left_right_fist,subject_disjoint,20260920,subj0,100.0,3237,1660,1,0.636145,102.062,303
real_left_right_fist,subject_disjoint,20260920,subj0,1000.0,3237,1660,1,0.640964,186.982,159
real_left_right_fist,subject_disjoint,20260920,subj1,0.0001,3280,1617,0.609451,0.640074,0.0309194,4
real_left_right_fist,subject_disjoint,20260920,subj1,0.001,3280,1617,0.667378,0.662338,0.259464,10
real_left_right_fist,subject_disjoint,20260920,subj1,0.01,3280,1617,0.790244,0.686456,1.744,25
real_left_right_fist,subject_disjoint,20260920,subj1,0.1,3280,1617,0.889634,0.692022,7.3896,103
real_left_right_fist,subject_disjoint,20260920,subj1,1.0,3280,1617,0.966463,0.670377,23.2643,197
real_left_right_fist,subject_disjoint,20260920,subj1,10.0,3280,1617,1,0.648732,59.3209,311
real_left_right_fist,subject_disjoint,20260920,subj1,100.0,3280,1617,1,0.641929,112.303,343
real_left_right_fist,subject_disjoint,20260920,subj1,1000.0,3280,1617,1,0.639456,198.319,171
real_left_right_fist,subject_disjoint,20260920,subj2,0.0001,3277,1620,0.63076,0.609259,0.034803,7
real_left_right_fist,subject_disjoint,20260920,subj2,0.001,3277,1620,0.704608,0.62284,0.297538,12
real_left_right_fist,subject_disjoint,20260920,subj2,0.01,3277,1620,0.814159,0.651852,1.89786,33
real_left_right_fist,subject_disjoint,20260920,subj2,0.1,3277,1620,0.899298,0.649383,7.44215,76
real_left_right_fist,subject_disjoint,20260920,subj2,1.0,3277,1620,0.976808,0.634568,22.6582,228
real_left_right_fist,subject_disjoint,20260920,subj2,10.0,3277,1620,1,0.618519,56.0367,342
real_left_right_fist,subject_disjoint,20260920,subj2,100.0,3277,1620,1,0.619753,101.505,301
real_left_right_fist,subject_disjoint,20260920,subj2,1000.0,3277,1620,1,0.633951,183.308,159
imagery_fists_feet,trial_random,20260916,trial0,0.0001,3264,1633,0.585784,0.529088,0.0379166,11
imagery_fists_feet,trial_random,20260916,trial0,0.001,3264,1633,0.655944,0.594611,0.288721,16
imagery_fists_feet,trial_random,20260916,trial0,0.01,3264,1633,0.734681,0.654011,1.55593,47
imagery_fists_feet,trial_random,20260916,trial0,0.1,3264,1633,0.85049,0.672994,6.66776,106
imagery_fists_feet,trial_random,20260916,trial0,1.0,3264,1633,0.9375,0.646663,22.7179,254
imagery_fists_feet,trial_random,20260916,trial0,10.0,3264,1633,0.997855,0.635028,65.0949,439
imagery_fists_feet,trial_random,20260916,trial0,100.0,3264,1633,1,0.633803,136.627,636
imagery_fists_feet,trial_random,20260916,trial0,1000.0,3264,1633,1,0.628291,255.472,274
imagery_fists_feet,trial_random,20260916,trial1,0.0001,3265,1632,0.595712,0.538603,0.0350983,10
imagery_fists_feet,trial_random,20260916,trial1,0.001,3265,1632,0.656968,0.609681,0.282125,9
imagery_fists_feet,trial_random,20260916,trial1,0.01,3265,1632,0.746095,0.651348,1.58619,30
imagery_fists_feet,trial_random,20260916,trial1,0.1,3265,1632,0.848086,0.653186,6.76227,108
imagery_fists_feet,trial_random,20260916,trial1,1.0,3265,1632,0.950077,0.618873,22.9171,225
imagery_fists_feet,trial_random,20260916,trial1,10.0,3265,1632,0.997856,0.598039,64.4754,442
imagery_fists_feet,trial_random,20260916,trial1,100.0,3265,1632,1,0.596201,134.303,456
imagery_fists_feet,trial_random,20260916,trial1,1000.0,3265,1632,1,0.60049,264.72,247
imagery_fists_feet,trial_random,20260916,trial2,0.0001,3265,1632,0.605819,0.543505,0.0369182,9
imagery_fists_feet,trial_random,20260916,trial2,0.001,3265,1632,0.654211,0.577819,0.291855,17
imagery_fists_feet,trial_random,20260916,trial2,0.01,3265,1632,0.744564,0.632353,1.60609,48
imagery_fists_feet,trial_random,20260916,trial2,0.1,3265,1632,0.853599,0.645221,6.84422,137
imagery_fists_feet,trial_random,20260916,trial2,1.0,3265,1632,0.952221,0.613358,23.0214,251
imagery_fists_feet,trial_random,20260916,trial2,10.0,3265,1632,1,0.594975,63.4658,468
imagery_fists_feet,trial_random,20260916,trial2,100.0,3265,1632,1,0.591912,126.649,385
imagery_fists_feet,trial_random,20260916,trial2,1000.0,3265,1632,1,0.586397,225.936,301
imagery_fists_feet,trial_random,20260917,trial0,0.0001,3264,1633,0.606005,0.561543,0.0366049,10
imagery_fists_feet,trial_random,20260917,trial0,0.001,3264,1633,0.661152,0.601347,0.288038,10
imagery_fists_feet,trial_random,20260917,trial0,0.01,3264,1633,0.7356,0.646663,1.57115,32
imagery_fists_feet,trial_random,20260917,trial0,0.1,3264,1633,0.855086,0.66932,6.71713,102
imagery_fists_feet,trial_random,20260917,trial0,1.0,3264,1633,0.943934,0.631353,22.766,259
imagery_fists_feet,trial_random,20260917,trial0,10.0,3264,1633,0.998775,0.614207,64.8542,480
imagery_fists_feet,trial_random,20260917,trial0,100.0,3264,1633,1,0.603797,137.304,450
imagery_fists_feet,trial_random,20260917,trial0,1000.0,3264,1633,1,0.617269,267.89,215
imagery_fists_feet,trial_random,20260917,trial1,0.0001,3265,1632,0.581317,0.52451,0.0375042,11
imagery_fists_feet,trial_random,20260917,trial1,0.001,3265,1632,0.664931,0.588235,0.291401,15
imagery_fists_feet,trial_random,20260917,trial1,0.01,3265,1632,0.741501,0.645221,1.60367,45
imagery_fists_feet,trial_random,20260917,trial1,0.1,3265,1632,0.85513,0.658701,6.78853,114
imagery_fists_feet,trial_random,20260917,trial1,1.0,3265,1632,0.950077,0.636029,22.9211,261
imagery_fists_feet,trial_random,20260917,trial1,10.0,3265,1632,0.999694,0.619485,63.9873,429
imagery_fists_feet,trial_random,20260917,trial1,100.0,3265,1632,1,0.615809,129.662,517
imagery_fists_feet,trial_random,20260917,trial1,1000.0,3265,1632,1,0.625613,245.01,258
imagery_fists_feet,trial_random,20260917,trial2,0.0001,3265,1632,0.584074,0.533088,0.035907,11
imagery_fists_feet,trial_random,20260917,trial2,0.001,3265,1632,0.655743,0.604167,0.285802,18
imagery_fists_feet,trial_random,20260917,trial2,0.01,3265,1632,0.744564,0.658701,1.56886,44
imagery_fists_feet,trial_random,20260917,trial2,0.1,3265,1632,0.855743,0.654412,6.75361,105
imagery_fists_feet,trial_random,20260917,trial2,1.0,3265,1632,0.946401,0.625,23.0426,273
imagery_fists_feet,trial_random,20260917,trial2,10.0,3265,1632,0.999694,0.605392,64.932,420
imagery_fists_feet,trial_random,20260917,trial2,100.0,3265,1632,1,0.598652,132.217,607
imagery_fists_feet,trial_random,20260917,trial2,1000.0,3265,1632,1,0.613358,252.767,261
imagery_fists_feet,trial_random,20260918,trial0,0.0001,3264,1633,0.627451,0.566442,0.0373408,8
imagery_fists_feet,trial_random,20260918,trial0,0.001,3264,1633,0.655637,0.58665,0.296179,10
imagery_fists_feet,trial_random,20260918,trial0,0.01,3264,1633,0.747243,0.629516,1.61846,31
imagery_fists_feet,trial_random,20260918,trial0,0.1,3264,1633,0.859069,0.649724,6.8215,117
imagery_fists_feet,trial_random,20260918,trial0,1.0,3264,1633,0.952206,0.636865,23.1079,262
imagery_fists_feet,trial_random,20260918,trial0,10.0,3264,1633,0.999694,0.605634,63.1703,427
imagery_fists_feet,trial_random,20260918,trial0,100.0,3264,1633,1,0.603797,124.817,483
imagery_fists_feet,trial_random,20260918,trial0,1000.0,3264,1633,1,0.603184,227.014,258
imagery_fists_feet,trial_random,20260918,trial1,0.0001,3265,1632,0.615314,0.553309,0.0370669,9
imagery_fists_feet,trial_random,20260918,trial1,0.001,3265,1632,0.662787,0.58701,0.289801,10
imagery_fists_feet,trial_random,20260918,trial1,0.01,3265,1632,0.741807,0.623162,1.59179,31
imagery_fists_feet,trial_random,20260918,trial1,0.1,3265,1632,0.854518,0.64277,6.81577,112
imagery_fists_feet,trial_random,20260918,trial1,1.0,3265,1632,0.94732,0.620098,22.977,219
imagery_fists_feet,trial_random,20260918,trial1,10.0,3265,1632,0.998775,0.605392,63.7402,381
imagery_fists_feet,trial_random,20260918,trial1,100.0,3265,1632,1,0.601103,132.169,463
imagery_fists_feet,trial_random,20260918,trial1,1000.0,3265,1632,1,0.605392,252.282,178
imagery_fists_feet,trial_random,20260918,trial2,0.0001,3265,1632,0.596325,0.551471,0.0361952,9
imagery_fists_feet,trial_random,20260918,trial2,0.001,3265,1632,0.661256,0.61826,0.283792,16
imagery_fists_feet,trial_random,20260918,trial2,0.01,3265,1632,0.742726,0.642157,1.56336,37
imagery_fists_feet,trial_random,20260918,trial2,0.1,3265,1632,0.848698,0.650123,6.71194,90
imagery_fists_feet,trial_random,20260918,trial2,1.0,3265,1632,0.941501,0.634804,22.674,229
imagery_fists_feet,trial_random,20260918,trial2,10.0,3265,1632,0.998162,0.609681,65.04,471
imagery_fists_feet,trial_random,20260918,trial2,100.0,3265,1632,1,0.599265,135.525,505
imagery_fists_feet,trial_random,20260918,trial2,1000.0,3265,1632,1,0.613358,264.133,282
imagery_fists_feet,trial_random,20260919,trial0,0.0001,3264,1633,0.579044,0.536436,0.0348612,12
imagery_fists_feet,trial_random,20260919,trial0,0.001,3264,1633,0.667279,0.603797,0.282611,20
imagery_fists_feet,trial_random,20260919,trial0,0.01,3264,1633,0.745711,0.646663,1.58194,42
imagery_fists_feet,trial_random,20260919,trial0,0.1,3264,1633,0.850184,0.662584,6.74675,123
imagery_fists_feet,trial_random,20260919,trial0,1.0,3264,1633,0.942708,0.641151,22.7403,247
imagery_fists_feet,trial_random,20260919,trial0,10.0,3264,1633,0.998775,0.614819,64.6049,492
imagery_fists_feet,trial_random,20260919,trial0,100.0,3264,1633,1,0.617269,134.941,530
imagery_fists_feet,trial_random,20260919,trial0,1000.0,3264,1633,1,0.615432,269.622,249
imagery_fists_feet,trial_random,20260919,trial1,0.0001,3265,1632,0.556202,0.507353,0.0375558,13
imagery_fists_feet,trial_random,20260919,trial1,0.001,3265,1632,0.658499,0.585172,0.290407,21
imagery_fists_feet,trial_random,20260919,trial1,0.01,3265,1632,0.738438,0.646446,1.58425,53
imagery_fists_feet,trial_random,20260919,trial1,0.1,3265,1632,0.860949,0.655025,6.7965,115
imagery_fists_feet,trial_random,20260919,trial1,1.0,3265,1632,0.945176,0.640319,22.8837,284
imagery_fists_feet,trial_random,20260919,trial1,10.0,3265,1632,0.998775,0.602941,64.0881,505
imagery_fists_feet,trial_random,20260919,trial1,100.0,3265,1632,1,0.596814,128.981,559
imagery_fists_feet,trial_random,20260919,trial1,1000.0,3265,1632,1,0.613358,234.626,251
imagery_fists_feet,trial_random,20260919,trial2,0.0001,3265,1632,0.606432,0.526348,0.0388776,8
imagery_fists_feet,trial_random,20260919,trial2,0.001,3265,1632,0.657274,0.578431,0.295445,13
imagery_fists_feet,trial_random,20260919,trial2,0.01,3265,1632,0.743645,0.637868,1.58123,37
imagery_fists_feet,trial_random,20260919,trial2,0.1,3265,1632,0.849923,0.647672,6.73828,105
imagery_fists_feet,trial_random,20260919,trial2,1.0,3265,1632,0.943645,0.615809,22.8417,270
imagery_fists_feet,trial_random,20260919,trial2,10.0,3265,1632,0.998775,0.594975,64.5495,479
imagery_fists_feet,trial_random,20260919,trial2,100.0,3265,1632,1,0.593137,129.972,465
imagery_fists_feet,trial_random,20260919,trial2,1000.0,3265,1632,1,0.596201,256.802,250
imagery_fists_feet,trial_random,20260920,trial0,0.0001,3264,1633,0.573529,0.505818,0.0372647,11
imagery_fists_feet,trial_random,20260920,trial0,0.001,3264,1633,0.64951,0.582364,0.285936,19
imagery_fists_feet,trial_random,20260920,trial0,0.01,3264,1633,0.742647,0.636252,1.58739,43
imagery_fists_feet,trial_random,20260920,trial0,0.1,3264,1633,0.855392,0.647275,6.83151,103
imagery_fists_feet,trial_random,20260920,trial0,1.0,3264,1633,0.946691,0.628291,22.9312,264
imagery_fists_feet,trial_random,20260920,trial0,10.0,3264,1633,0.998775,0.605021,63.9388,438
imagery_fists_feet,trial_random,20260920,trial0,100.0,3264,1633,1,0.600735,126.999,526
imagery_fists_feet,trial_random,20260920,trial0,1000.0,3264,1633,1,0.608696,235.418,317
imagery_fists_feet,trial_random,20260920,trial1,0.0001,3265,1632,0.624196,0.578431,0.0355058,9
imagery_fists_feet,trial_random,20260920,trial1,0.001,3265,1632,0.666462,0.617647,0.284538,12
imagery_fists_feet,trial_random,20260920,trial1,0.01,3265,1632,0.74977,0.650735,1.58501,32
imagery_fists_feet,trial_random,20260920,trial1,0.1,3265,1632,0.85268,0.670956,6.7469,94
imagery_fists_feet,trial_random,20260920,trial1,1.0,3265,1632,0.94487,0.63848,22.8536,214
imagery_fists_feet,trial_random,20260920,trial1,10.0,3265,1632,0.999694,0.609069,64.1379,418
imagery_fists_feet,trial_random,20260920,trial1,100.0,3265,1632,1,0.604167,133.438,474
imagery_fists_feet,trial_random,20260920,trial1,1000.0,3265,1632,1,0.615196,246.191,227
imagery_fists_feet,trial_random,20260920,trial2,0.0001,3265,1632,0.602757,0.564338,0.0375432,9
imagery_fists_feet,trial_random,20260920,trial2,0.001,3265,1632,0.660949,0.577206,0.295317,12
imagery_fists_feet,trial_random,20260920,trial2,0.01,3265,1632,0.743645,0.635417,1.58561,44
imagery_fists_feet,trial_random,20260920,trial2,0.1,3265,1632,0.851149,0.654412,6.66547,103
imagery_fists_feet,trial_random,20260920,trial2,1.0,3265,1632,0.935681,0.634804,22.3927,258
imagery_fists_feet,trial_random,20260920,trial2,10.0,3265,1632,0.99755,0.609681,64.8849,552
imagery_fists_feet,trial_random,20260920,trial2,100.0,3265,1632,1,0.598039,140.32,570
imagery_fists_feet,trial_random,20260920,trial2,1000.0,3265,1632,1,0.61152,268.655,251
imagery_fists_feet,run_disjoint,20260916,run0,0.0001,3265,1632,0.626034,0.607843,0.033543,7
imagery_fists_feet,run_disjoint,20260916,run0,0.001,3265,1632,0.652374,0.628064,0.270354,13
imagery_fists_feet,run_disjoint,20260916,run0,0.01,3265,1632,0.735681,0.681985,1.53677,33
imagery_fists_feet,run_disjoint,20260916,run0,0.1,3265,1632,0.845329,0.688113,6.72426,103
imagery_fists_feet,run_disjoint,20260916,run0,1.0,3265,1632,0.941194,0.654412,22.9473,260
imagery_fists_feet,run_disjoint,20260916,run0,10.0,3265,1632,0.999081,0.632353,65.3176,469
imagery_fists_feet,run_disjoint,20260916,run0,100.0,3265,1632,1,0.628676,136.413,506
imagery_fists_feet,run_disjoint,20260916,run0,1000.0,3265,1632,1,0.626838,253.586,311
imagery_fists_feet,run_disjoint,20260916,run1,0.0001,3265,1632,0.629709,0.610294,0.0357429,9
imagery_fists_feet,run_disjoint,20260916,run1,0.001,3265,1632,0.657887,0.634191,0.285963,10
imagery_fists_feet,run_disjoint,20260916,run1,0.01,3265,1632,0.74487,0.672181,1.59369,38
imagery_fists_feet,run_disjoint,20260916,run1,0.1,3265,1632,0.856968,0.66973,6.81044,105
imagery_fists_feet,run_disjoint,20260916,run1,1.0,3265,1632,0.94732,0.640319,22.7736,246
imagery_fists_feet,run_disjoint,20260916,run1,10.0,3265,1632,0.998469,0.622549,63.818,460
imagery_fists_feet,run_disjoint,20260916,run1,100.0,3265,1632,1,0.61826,133.695,541
imagery_fists_feet,run_disjoint,20260916,run1,1000.0,3265,1632,1,0.620711,258.757,264
imagery_fists_feet,run_disjoint,20260916,run2,0.0001,3264,1633,0.617034,0.59951,0.0356319,9
imagery_fists_feet,run_disjoint,20260916,run2,0.001,3264,1633,0.660539,0.629516,0.285785,11
imagery_fists_feet,run_disjoint,20260916,run2,0.01,3264,1633,0.748775,0.679118,1.59135,30
imagery_fists_feet,run_disjoint,20260916,run2,0.1,3264,1633,0.848652,0.674219,6.72525,83
imagery_fists_feet,run_disjoint,20260916,run2,1.0,3264,1633,0.939951,0.636865,22.6033,183
imagery_fists_feet,run_disjoint,20260916,run2,10.0,3264,1633,0.997243,0.619718,64.6701,394
imagery_fists_feet,run_disjoint,20260916,run2,100.0,3264,1633,1,0.616044,135.666,551
imagery_fists_feet,run_disjoint,20260916,run2,1000.0,3264,1633,1,0.620331,243.019,324
imagery_fists_feet,subject_disjoint,20260916,subj0,0.0001,3241,1656,0.637458,0.603865,0.0367925,8
imagery_fists_feet,subject_disjoint,20260916,subj0,0.001,3241,1656,0.661216,0.621377,0.294963,11
imagery_fists_feet,subject_disjoint,20260916,subj0,0.01,3241,1656,0.746375,0.647343,1.61795,35
imagery_fists_feet,subject_disjoint,20260916,subj0,0.1,3241,1656,0.854674,0.626812,6.6989,100
imagery_fists_feet,subject_disjoint,20260916,subj0,1.0,3241,1656,0.945079,0.591787,22.6089,233
imagery_fists_feet,subject_disjoint,20260916,subj0,10.0,3241,1656,0.999691,0.589976,63.846,425
imagery_fists_feet,subject_disjoint,20260916,subj0,100.0,3241,1656,1,0.580314,130.169,457
imagery_fists_feet,subject_disjoint,20260916,subj0,1000.0,3241,1656,1,0.585749,270.755,220
imagery_fists_feet,subject_disjoint,20260916,subj1,0.0001,3280,1617,0.620732,0.611626,0.0360512,8
imagery_fists_feet,subject_disjoint,20260916,subj1,0.001,3280,1617,0.666768,0.609771,0.290818,15
imagery_fists_feet,subject_disjoint,20260916,subj1,0.01,3280,1617,0.750915,0.592455,1.64376,32
imagery_fists_feet,subject_disjoint,20260916,subj1,0.1,3280,1617,0.855793,0.575758,6.89927,89
imagery_fists_feet,subject_disjoint,20260916,subj1,1.0,3280,1617,0.948171,0.573284,23.0105,219
imagery_fists_feet,subject_disjoint,20260916,subj1,10.0,3280,1617,1,0.566481,63.8513,396
imagery_fists_feet,subject_disjoint,20260916,subj1,100.0,3280,1617,1,0.561534,125.283,369
imagery_fists_feet,subject_disjoint,20260916,subj1,1000.0,3280,1617,1,0.571429,219.749,200
imagery_fists_feet,subject_disjoint,20260916,subj2,0.0001,3273,1624,0.597922,0.58867,0.0328227,9
imagery_fists_feet,subject_disjoint,20260916,subj2,0.001,3273,1624,0.664528,0.610837,0.270619,13
imagery_fists_feet,subject_disjoint,20260916,subj2,0.01,3273,1624,0.749465,0.621305,1.59235,31
imagery_fists_feet,subject_disjoint,20260916,subj2,0.1,3273,1624,0.854262,0.60468,6.77302,92
imagery_fists_feet,subject_disjoint,20260916,subj2,1.0,3273,1624,0.94806,0.586823,23.1273,246
imagery_fists_feet,subject_disjoint,20260916,subj2,10.0,3273,1624,0.999083,0.566502,64.4956,458
imagery_fists_feet,subject_disjoint,20260916,subj2,100.0,3273,1624,1,0.570197,132.145,481
imagery_fists_feet,subject_disjoint,20260916,subj2,1000.0,3273,1624,1,0.562192,237.288,273
imagery_fists_feet,subject_disjoint,20260917,subj0,0.0001,3222,1675,0.607076,0.586866,0.0339492,11
imagery_fists_feet,subject_disjoint,20260917,subj0,0.001,3222,1675,0.651148,0.623881,0.268916,9
imagery_fists_feet,subject_disjoint,20260917,subj0,0.01,3222,1675,0.735568,0.653731,1.5429,39
imagery_fists_feet,subject_disjoint,20260917,subj0,0.1,3222,1675,0.8473,0.626269,6.71767,94
imagery_fists_feet,subject_disjoint,20260917,subj0,1.0,3222,1675,0.941962,0.586269,23.0004,228
imagery_fists_feet,subject_disjoint,20260917,subj0,10.0,3222,1675,0.999069,0.573134,64.2165,400
imagery_fists_feet,subject_disjoint,20260917,subj0,100.0,3222,1675,1,0.569552,132.864,458
imagery_fists_feet,subject_disjoint,20260917,subj0,1000.0,3222,1675,1,0.578507,258.241,249
imagery_fists_feet,subject_disjoint,20260917,subj1,0.0001,3289,1608,0.612344,0.570896,0.0350147,9
imagery_fists_feet,subject_disjoint,20260917,subj1,0.001,3289,1608,0.665856,0.601368,0.283751,16
imagery_fists_feet,subject_disjoint,20260917,subj1,0.01,3289,1608,0.75342,0.61505,1.61356,34
imagery_fists_feet,subject_disjoint,20260917,subj1,0.1,3289,1608,0.859532,0.613806,6.86972,89
imagery_fists_feet,subject_disjoint,20260917,subj1,1.0,3289,1608,0.950441,0.61194,22.9236,238
imagery_fists_feet,subject_disjoint,20260917,subj1,10.0,3289,1608,0.99848,0.603856,64.1946,446
imagery_fists_feet,subject_disjoint,20260917,subj1,100.0,3289,1608,1,0.598881,130.612,549
imagery_fists_feet,subject_disjoint,20260917,subj1,1000.0,3289,1608,1,0.60199,238.083,226
imagery_fists_feet,subject_disjoint,20260917,subj2,0.0001,3283,1614,0.644837,0.578686,0.0369278,7
imagery_fists_feet,subject_disjoint,20260917,subj2,0.001,3283,1614,0.680475,0.576828,0.303453,18
imagery_fists_feet,subject_disjoint,20260917,subj2,0.01,3283,1614,0.774292,0.574969,1.70725,29
imagery_fists_feet,subject_disjoint,20260917,subj2,0.1,3283,1614,0.867499,0.580545,6.82154,108
imagery_fists_feet,subject_disjoint,20260917,subj2,1.0,3283,1614,0.955833,0.581784,22.7718,252
imagery_fists_feet,subject_disjoint,20260917,subj2,10.0,3283,1614,0.999391,0.575589,62.9294,437
imagery_fists_feet,subject_disjoint,20260917,subj2,100.0,3283,1614,1,0.565675,124.818,449
imagery_fists_feet,subject_disjoint,20260917,subj2,1000.0,3283,1614,1,0.574349,228.828,291
imagery_fists_feet,subject_disjoint,20260918,subj0,0.0001,3229,1668,0.627439,0.573141,0.0359211,8
imagery_fists_feet,subject_disjoint,20260918,subj0,0.001,3229,1668,0.663363,0.602518,0.286182,10
imagery_fists_feet,subject_disjoint,20260918,subj0,0.01,3229,1668,0.744813,0.629496,1.59601,29
imagery_fists_feet,subject_disjoint,20260918,subj0,0.1,3229,1668,0.853515,0.621703,6.70696,84
imagery_fists_feet,subject_disjoint,20260918,subj0,1.0,3229,1668,0.94921,0.592326,22.6878,228
imagery_fists_feet,subject_disjoint,20260918,subj0,10.0,3229,1668,0.998452,0.570743,64.0545,424
imagery_fists_feet,subject_disjoint,20260918,subj0,100.0,3229,1668,1,0.555755,131.04,510
imagery_fists_feet,subject_disjoint,20260918,subj0,1000.0,3229,1668,1,0.567146,222.113,311
imagery_fists_feet,subject_disjoint,20260918,subj1,0.0001,3288,1609,0.621959,0.562461,0.0349794,8
imagery_fists_feet,subject_disjoint,20260918,subj1,0.001,3288,1609,0.663017,0.605966,0.284071,10
imagery_fists_feet,subject_disjoint,20260918,subj1,0.01,3288,1609,0.750912,0.609074,1.63231,29
imagery_fists_feet,subject_disjoint,20260918,subj1,0.1,3288,1609,0.855839,0.598508,6.86499,108
imagery_fists_feet,subject_disjoint,20260918,subj1,1.0,3288,1609,0.947689,0.59105,23.1368,229
imagery_fists_feet,subject_disjoint,20260918,subj1,10.0,3288,1609,1,0.569919,63.6697,440
imagery_fists_feet,subject_disjoint,20260918,subj1,100.0,3288,1609,1,0.559975,128.164,426
imagery_fists_feet,subject_disjoint,20260918,subj1,1000.0,3288,1609,1,0.571162,266.218,249
imagery_fists_feet,subject_disjoint,20260918,subj2,0.0001,3277,1620,0.628929,0.577778,0.035611,8
imagery_fists_feet,subject_disjoint,20260918,subj2,0.001,3277,1620,0.671956,0.608642,0.28788,11
imagery_fists_feet,subject_disjoint,20260918,subj2,0.01,3277,1620,0.753738,0.625309,1.63449,36
imagery_fists_feet,subject_disjoint,20260918,subj2,0.1,3277,1620,0.859017,0.595062,6.85433,95
imagery_fists_feet,subject_disjoint,20260918,subj2,1.0,3277,1620,0.946292,0.566667,22.7628,261
imagery_fists_feet,subject_disjoint,20260918,subj2,10.0,3277,1620,0.999085,0.559877,63.2927,435
imagery_fists_feet,subject_disjoint,20260918,subj2,100.0,3277,1620,1,0.562963,132.76,505
imagery_fists_feet,subject_disjoint,20260918,subj2,1000.0,3277,1620,1,0.564815,225.742,277
imagery_fists_feet,subject_disjoint,20260919,subj0,0.0001,3241,1656,0.603826,0.566425,0.0333038,10
imagery_fists_feet,subject_disjoint,20260919,subj0,0.001,3241,1656,0.666152,0.61413,0.273156,9
imagery_fists_feet,subject_disjoint,20260919,subj0,0.01,3241,1656,0.750077,0.640097,1.57897,26
imagery_fists_feet,subject_disjoint,20260919,subj0,0.1,3241,1656,0.849738,0.638889,6.70711,86
imagery_fists_feet,subject_disjoint,20260919,subj0,1.0,3241,1656,0.94045,0.603865,22.5857,236
imagery_fists_feet,subject_disjoint,20260919,subj0,10.0,3241,1656,0.999383,0.577899,64.6434,475
imagery_fists_feet,subject_disjoint,20260919,subj0,100.0,3241,1656,1,0.57186,136.218,531
imagery_fists_feet,subject_disjoint,20260919,subj0,1000.0,3241,1656,1,0.581522,282.771,252
imagery_fists_feet,subject_disjoint,20260919,subj1,0.0001,3264,1633,0.630515,0.585426,0.0350079,9
imagery_fists_feet,subject_disjoint,20260919,subj1,0.001,3264,1633,0.662071,0.600122,0.286491,11
imagery_fists_feet,subject_disjoint,20260919,subj1,0.01,3264,1633,0.761642,0.606246,1.65072,31
imagery_fists_feet,subject_disjoint,20260919,subj1,0.1,3264,1633,0.865502,0.611145,6.86264,104
imagery_fists_feet,subject_disjoint,20260919,subj1,1.0,3264,1633,0.954044,0.598285,22.9069,230
imagery_fists_feet,subject_disjoint,20260919,subj1,10.0,3264,1633,0.999694,0.58665,62.93,459
imagery_fists_feet,subject_disjoint,20260919,subj1,100.0,3264,1633,1,0.58665,125.868,389
imagery_fists_feet,subject_disjoint,20260919,subj1,1000.0,3264,1633,1,0.584201,228.52,216
imagery_fists_feet,subject_disjoint,20260919,subj2,0.0001,3289,1608,0.611736,0.551617,0.0376044,9
imagery_fists_feet,subject_disjoint,20260919,subj2,0.001,3289,1608,0.664944,0.595149,0.297083,14
imagery_fists_feet,subject_disjoint,20260919,subj2,0.01,3289,1608,0.753116,0.606965,1.63104,23
imagery_fists_feet,subject_disjoint,20260919,subj2,0.1,3289,1608,0.858316,0.590174,6.83552,96
imagery_fists_feet,subject_disjoint,20260919,subj2,1.0,3289,1608,0.952569,0.554726,22.9561,202
imagery_fists_feet,subject_disjoint,20260919,subj2,10.0,3289,1608,0.998784,0.546642,63.5533,425
imagery_fists_feet,subject_disjoint,20260919,subj2,100.0,3289,1608,1,0.540423,129.756,529
imagery_fists_feet,subject_disjoint,20260919,subj2,1000.0,3289,1608,1,0.55908,231.531,236
imagery_fists_feet,subject_disjoint,20260920,subj0,0.0001,3242,1655,0.620296,0.579456,0.0368726,10
imagery_fists_feet,subject_disjoint,20260920,subj0,0.001,3242,1655,0.65145,0.598187,0.290176,9
imagery_fists_feet,subject_disjoint,20260920,subj0,0.01,3242,1655,0.748304,0.603021,1.5949,26
imagery_fists_feet,subject_disjoint,20260920,subj0,0.1,3242,1655,0.862431,0.599396,6.67094,102
imagery_fists_feet,subject_disjoint,20260920,subj0,1.0,3242,1655,0.939543,0.596375,22.4804,219
imagery_fists_feet,subject_disjoint,20260920,subj0,10.0,3242,1655,0.999692,0.593353,64.3343,456
imagery_fists_feet,subject_disjoint,20260920,subj0,100.0,3242,1655,1,0.587915,136.491,505
imagery_fists_feet,subject_disjoint,20260920,subj0,1000.0,3242,1655,1,0.579456,256.357,222
imagery_fists_feet,subject_disjoint,20260920,subj1,0.0001,3279,1618,0.637389,0.608776,0.0329768,9
imagery_fists_feet,subject_disjoint,20260920,subj1,0.001,3279,1618,0.681,0.614339,0.277666,13
imagery_fists_feet,subject_disjoint,20260920,subj1,0.01,3279,1618,0.767002,0.612485,1.64108,35
imagery_fists_feet,subject_disjoint,20260920,subj1,0.1,3279,1618,0.855139,0.602596,6.7746,115
imagery_fists_feet,subject_disjoint,20260920,subj1,1.0,3279,1618,0.939311,0.590235,22.6189,237
imagery_fists_feet,subject_disjoint,20260920,subj1,10.0,3279,1618,0.99756,0.585909,64.041,496
imagery_fists_feet,subject_disjoint,20260920,subj1,100.0,3279,1618,1,0.588381,134.585,550
imagery_fists_feet,subject_disjoint,20260920,subj1,1000.0,3279,1618,1,0.587145,252.142,287
imagery_fists_feet,subject_disjoint,20260920,subj2,0.0001,3273,1624,0.632142,0.575739,0.0360259,10
imagery_fists_feet,subject_disjoint,20260920,subj2,0.001,3273,1624,0.669722,0.607143,0.29023,9
imagery_fists_feet,subject_disjoint,20260920,subj2,0.01,3273,1624,0.750382,0.633005,1.62921,27
imagery_fists_feet,subject_disjoint,20260920,subj2,0.1,3273,1624,0.856401,0.60899,6.8632,88
imagery_fists_feet,subject_disjoint,20260920,subj2,1.0,3273,1624,0.95417,0.586207,23.2022,233
imagery_fists_feet,subject_disjoint,20260920,subj2,10.0,3273,1624,0.999694,0.571429,62.8514,423
imagery_fists_feet,subject_disjoint,20260920,subj2,100.0,3273,1624,1,0.564039,126.121,444
imagery_fists_feet,subject_disjoint,20260920,subj2,1000.0,3273,1624,1,0.577586,233.298,213
real_fists_feet,trial_random,20260916,trial0,0.0001,3252,1627,0.619619,0.591887,0.0439958,11
real_fists_feet,trial_random,20260916,trial0,0.001,3252,1627,0.70941,0.690227,0.349693,14
real_fists_feet,trial_random,20260916,trial0,0.01,3252,1627,0.801046,0.758451,1.91386,41
real_fists_feet,trial_random,20260916,trial0,0.1,3252,1627,0.908364,0.796558,7.30202,106
real_fists_feet,trial_random,20260916,trial0,1.0,3252,1627,0.98155,0.775046,22.4554,222
real_fists_feet,trial_random,20260916,trial0,10.0,3252,1627,1,0.73571,53.9266,360
real_fists_feet,trial_random,20260916,trial0,100.0,3252,1627,1,0.732637,97.0902,308
real_fists_feet,trial_random,20260916,trial0,1000.0,3252,1627,1,0.755378,188.026,143
real_fists_feet,trial_random,20260916,trial1,0.0001,3253,1626,0.61451,0.578721,0.0460116,11
real_fists_feet,trial_random,20260916,trial1,0.001,3253,1626,0.711651,0.641451,0.361416,10
real_fists_feet,trial_random,20260916,trial1,0.01,3253,1626,0.812788,0.720787,1.957,42
real_fists_feet,trial_random,20260916,trial1,0.1,3253,1626,0.905318,0.768758,7.32287,95
real_fists_feet,trial_random,20260916,trial1,1.0,3253,1626,0.980941,0.745387,22.1178,206
real_fists_feet,trial_random,20260916,trial1,10.0,3253,1626,1,0.722632,52.9373,313
real_fists_feet,trial_random,20260916,trial1,100.0,3253,1626,1,0.724477,93.3726,312
real_fists_feet,trial_random,20260916,trial1,1000.0,3253,1626,1,0.731857,179.458,114
real_fists_feet,trial_random,20260916,trial2,0.0001,3253,1626,0.621887,0.583026,0.0452613,10
real_fists_feet,trial_random,20260916,trial2,0.001,3253,1626,0.711343,0.681427,0.355127,13
real_fists_feet,trial_random,20260916,trial2,0.01,3253,1626,0.814325,0.749077,1.94941,36
real_fists_feet,trial_random,20260916,trial2,0.1,3253,1626,0.903781,0.767528,7.33496,115
real_fists_feet,trial_random,20260916,trial2,1.0,3253,1626,0.976637,0.754613,22.1697,206
real_fists_feet,trial_random,20260916,trial2,10.0,3253,1626,1,0.740467,53.8349,299
real_fists_feet,trial_random,20260916,trial2,100.0,3253,1626,1,0.739237,97.5236,241
real_fists_feet,trial_random,20260916,trial2,1000.0,3253,1626,1,0.739237,168.843,164
real_fists_feet,trial_random,20260917,trial0,0.0001,3252,1627,0.608241,0.572833,0.045424,8
real_fists_feet,trial_random,20260917,trial0,0.001,3252,1627,0.707257,0.674247,0.350575,10
real_fists_feet,trial_random,20260917,trial0,0.01,3252,1627,0.807811,0.741242,1.91739,38
real_fists_feet,trial_random,20260917,trial0,0.1,3252,1627,0.904059,0.781807,7.30611,94
real_fists_feet,trial_random,20260917,trial0,1.0,3252,1627,0.97909,0.746773,22.3305,197
real_fists_feet,trial_random,20260917,trial0,10.0,3252,1627,1,0.723417,53.9712,343
real_fists_feet,trial_random,20260917,trial0,100.0,3252,1627,1,0.725261,99.7717,279
real_fists_feet,trial_random,20260917,trial0,1000.0,3252,1627,1,0.733866,204.801,125
real_fists_feet,trial_random,20260917,trial1,0.0001,3253,1626,0.612358,0.576261,0.0463589,9
real_fists_feet,trial_random,20260917,trial1,0.001,3253,1626,0.715955,0.637761,0.361659,13
real_fists_feet,trial_random,20260917,trial1,0.01,3253,1626,0.81494,0.719557,1.96628,35
real_fists_feet,trial_random,20260917,trial1,0.1,3253,1626,0.91454,0.761378,7.40621,119
real_fists_feet,trial_random,20260917,trial1,1.0,3253,1626,0.986474,0.751538,22.3044,212
real_fists_feet,trial_random,20260917,trial1,10.0,3253,1626,1,0.731242,51.9752,321
real_fists_feet,trial_random,20260917,trial1,100.0,3253,1626,1,0.726322,96.0643,234
real_fists_feet,trial_random,20260917,trial1,1000.0,3253,1626,1,0.735547,167.494,151
real_fists_feet,trial_random,20260917,trial2,0.0001,3253,1626,0.61205,0.573186,0.044906,11
real_fists_feet,trial_random,20260917,trial2,0.001,3253,1626,0.721488,0.661747,0.358977,18
real_fists_feet,trial_random,20260917,trial2,0.01,3253,1626,0.802644,0.728782,1.93105,43
real_fists_feet,trial_random,20260917,trial2,0.1,3253,1626,0.898555,0.773678,7.26439,111
real_fists_feet,trial_random,20260917,trial2,1.0,3253,1626,0.976637,0.763223,22.2931,238
real_fists_feet,trial_random,20260917,trial2,10.0,3253,1626,1,0.746002,54.1523,333
real_fists_feet,trial_random,20260917,trial2,100.0,3253,1626,1,0.735547,97.6911,296
real_fists_feet,trial_random,20260917,trial2,1000.0,3253,1626,1,0.746617,179.948,160
real_fists_feet,trial_random,20260918,trial0,0.0001,3252,1627,0.630996,0.581438,0.0467273,8
real_fists_feet,trial_random,20260918,trial0,0.001,3252,1627,0.706335,0.650277,0.362553,15
real_fists_feet,trial_random,20260918,trial0,0.01,3252,1627,0.802891,0.73571,1.93921,32
real_fists_feet,trial_random,20260918,trial0,0.1,3252,1627,0.906519,0.788568,7.30968,94
real_fists_feet,trial_random,20260918,trial0,1.0,3252,1627,0.984317,0.767056,22.3198,200
real_fists_feet,trial_random,20260918,trial0,10.0,3252,1627,1,0.753534,53.0149,294
real_fists_feet,trial_random,20260918,trial0,100.0,3252,1627,1,0.744929,95.4899,287
real_fists_feet,trial_random,20260918,trial0,1000.0,3252,1627,1,0.745544,178.491,135
real_fists_feet,trial_random,20260918,trial1,0.0001,3253,1626,0.645558,0.620541,0.0438762,8
real_fists_feet,trial_random,20260918,trial1,0.001,3253,1626,0.720873,0.677737,0.350038,12
real_fists_feet,trial_random,20260918,trial1,0.01,3253,1626,0.81617,0.745387,1.94619,35
real_fists_feet,trial_random,20260918,trial1,0.1,3253,1626,0.909007,0.769373,7.35883,103
real_fists_feet,trial_random,20260918,trial1,1.0,3253,1626,0.984015,0.744772,22.2982,191
real_fists_feet,trial_random,20260918,trial1,10.0,3253,1626,1,0.728167,53.8146,303
real_fists_feet,trial_random,20260918,trial1,100.0,3253,1626,1,0.721402,94.3415,276
real_fists_feet,trial_random,20260918,trial1,1000.0,3253,1626,1,0.725707,161.215,170
real_fists_feet,trial_random,20260918,trial2,0.0001,3253,1626,0.630802,0.602091,0.0451533,10
real_fists_feet,trial_random,20260918,trial2,0.001,3253,1626,0.715647,0.669127,0.356146,10
real_fists_feet,trial_random,20260918,trial2,0.01,3253,1626,0.811559,0.739237,1.94185,31
real_fists_feet,trial_random,20260918,trial2,0.1,3253,1626,0.905318,0.774293,7.28675,78
real_fists_feet,trial_random,20260918,trial2,1.0,3253,1626,0.976637,0.739852,22.1349,200
real_fists_feet,trial_random,20260918,trial2,10.0,3253,1626,1,0.729397,54.2065,332
real_fists_feet,trial_random,20260918,trial2,100.0,3253,1626,1,0.724477,98.4681,309
real_fists_feet,trial_random,20260918,trial2,1000.0,3253,1626,1,0.734317,187.032,152
real_fists_feet,trial_random,20260919,trial0,0.0001,3252,1627,0.639299,0.602336,0.0452822,11
real_fists_feet,trial_random,20260919,trial0,0.001,3252,1627,0.713715,0.661955,0.357137,9
real_fists_feet,trial_random,20260919,trial0,0.01,3252,1627,0.803198,0.736325,1.93215,33
real_fists_feet,trial_random,20260919,trial0,0.1,3252,1627,0.908672,0.770129,7.3202,97
real_fists_feet,trial_random,20260919,trial0,1.0,3252,1627,0.980935,0.745544,22.2601,208
real_fists_feet,trial_random,20260919,trial0,10.0,3252,1627,1,0.725261,53.5912,306
real_fists_feet,trial_random,20260919,trial0,100.0,3252,1627,1,0.722188,99.4562,275
real_fists_feet,trial_random,20260919,trial0,1000.0,3252,1627,1,0.73571,204.966,136
real_fists_feet,trial_random,20260919,trial1,0.0001,3253,1626,0.62158,0.581181,0.0450767,10
real_fists_feet,trial_random,20260919,trial1,0.001,3253,1626,0.718721,0.664207,0.359972,15
real_fists_feet,trial_random,20260919,trial1,0.01,3253,1626,0.81617,0.739237,1.96639,38
real_fists_feet,trial_random,20260919,trial1,0.1,3253,1626,0.908392,0.760763,7.39528,117
real_fists_feet,trial_random,20260919,trial1,1.0,3253,1626,0.984015,0.737392,22.0843,205
real_fists_feet,trial_random,20260919,trial1,10.0,3253,1626,1,0.710947,52.565,339
real_fists_feet,trial_random,20260919,trial1,100.0,3253,1626,1,0.717712,94.4187,311
real_fists_feet,trial_random,20260919,trial1,1000.0,3253,1626,1,0.730627,168.426,172
real_fists_feet,trial_random,20260919,trial2,0.0001,3253,1626,0.635721,0.607011,0.0451605,9
real_fists_feet,trial_random,20260919,trial2,0.001,3253,1626,0.709499,0.654367,0.353126,9
real_fists_feet,trial_random,20260919,trial2,0.01,3253,1626,0.810022,0.733087,1.93141,41
real_fists_feet,trial_random,20260919,trial2,0.1,3253,1626,0.901629,0.772448,7.30216,108
real_fists_feet,trial_random,20260919,trial2,1.0,3253,1626,0.980326,0.751538,22.3329,194
real_fists_feet,trial_random,20260919,trial2,10.0,3253,1626,1,0.717097,54.0731,360
real_fists_feet,trial_random,20260919,trial2,100.0,3253,1626,1,0.710947,96.9331,275
real_fists_feet,trial_random,20260919,trial2,1000.0,3253,1626,1,0.725707,173.048,118
real_fists_feet,trial_random,20260920,trial0,0.0001,3252,1627,0.623924,0.580824,0.0442634,10
real_fists_feet,trial_random,20260920,trial0,0.001,3252,1627,0.720172,0.674247,0.347614,13
real_fists_feet,trial_random,20260920,trial0,0.01,3252,1627,0.809656,0.752919,1.93316,35
real_fists_feet,trial_random,20260920,trial0,0.1,3252,1627,0.905904,0.77689,7.36849,91
real_fists_feet,trial_random,20260920,trial0,1.0,3252,1627,0.981857,0.750461,22.3893,202
real_fists_feet,trial_random,20260920,trial0,10.0,3252,1627,1,0.737554,53.5896,316
real_fists_feet,trial_random,20260920,trial0,100.0,3252,1627,1,0.730178,97.22,282
real_fists_feet,trial_random,20260920,trial0,1000.0,3252,1627,1,0.73571,164.303,125
real_fists_feet,trial_random,20260920,trial1,0.0001,3253,1626,0.635106,0.594096,0.0448573,10
real_fists_feet,trial_random,20260920,trial1,0.001,3253,1626,0.723332,0.654982,0.357054,10
real_fists_feet,trial_random,20260920,trial1,0.01,3253,1626,0.811251,0.733702,1.94798,31
real_fists_feet,trial_random,20260920,trial1,0.1,3253,1626,0.905318,0.768758,7.35213,69
real_fists_feet,trial_random,20260920,trial1,1.0,3253,1626,0.98217,0.750308,22.1132,208
real_fists_feet,trial_random,20260920,trial1,10.0,3253,1626,1,0.724477,52.9456,277
real_fists_feet,trial_random,20260920,trial1,100.0,3253,1626,1,0.725707,96.888,296
real_fists_feet,trial_random,20260920,trial1,1000.0,3253,1626,1,0.732472,173.537,135
real_fists_feet,trial_random,20260920,trial2,0.0001,3253,1626,0.613587,0.575031,0.0471209,9
real_fists_feet,trial_random,20260920,trial2,0.001,3253,1626,0.706732,0.656212,0.363245,8
real_fists_feet,trial_random,20260920,trial2,0.01,3253,1626,0.808792,0.734932,1.94638,21
real_fists_feet,trial_random,20260920,trial2,0.1,3253,1626,0.900092,0.774908,7.2994,108
real_fists_feet,trial_random,20260920,trial2,1.0,3253,1626,0.981555,0.744157,22.1212,232
real_fists_feet,trial_random,20260920,trial2,10.0,3253,1626,1,0.730627,53.7732,311
real_fists_feet,trial_random,20260920,trial2,100.0,3253,1626,1,0.723862,96.4925,278
real_fists_feet,trial_random,20260920,trial2,1000.0,3253,1626,1,0.733702,189.539,162
real_fists_feet,run_disjoint,20260916,run0,0.0001,3260,1619,0.628221,0.618283,0.045137,8
real_fists_feet,run_disjoint,20260916,run0,0.001,3260,1619,0.71319,0.681285,0.356663,16
real_fists_feet,run_disjoint,20260916,run0,0.01,3260,1619,0.814724,0.73008,1.95204,31
real_fists_feet,run_disjoint,20260916,run0,0.1,3260,1619,0.902147,0.751699,7.33371,106
real_fists_feet,run_disjoint,20260916,run0,1.0,3260,1619,0.983129,0.736875,22.323,198
real_fists_feet,run_disjoint,20260916,run0,10.0,3260,1619,1,0.712168,53.1685,271
real_fists_feet,run_disjoint,20260916,run0,100.0,3260,1619,1,0.70908,97.0614,282
real_fists_feet,run_disjoint,20260916,run0,1000.0,3260,1619,1,0.726992,175.022,122
real_fists_feet,run_disjoint,20260916,run1,0.0001,3249,1630,0.638966,0.634969,0.0423857,9
real_fists_feet,run_disjoint,20260916,run1,0.001,3249,1630,0.708833,0.722086,0.340336,14
real_fists_feet,run_disjoint,20260916,run1,0.01,3249,1630,0.804863,0.769325,1.91308,45
real_fists_feet,run_disjoint,20260916,run1,0.1,3249,1630,0.904278,0.784049,7.37243,80
real_fists_feet,run_disjoint,20260916,run1,1.0,3249,1630,0.977224,0.758896,22.2971,210
real_fists_feet,run_disjoint,20260916,run1,10.0,3249,1630,1,0.751534,54.1559,342
real_fists_feet,run_disjoint,20260916,run1,100.0,3249,1630,1,0.744785,99.5082,302
real_fists_feet,run_disjoint,20260916,run1,1000.0,3249,1630,1,0.747853,189.515,157
real_fists_feet,run_disjoint,20260916,run2,0.0001,3249,1630,0.65097,0.629448,0.0446307,10
real_fists_feet,run_disjoint,20260916,run2,0.001,3249,1630,0.723915,0.687117,0.355924,9
real_fists_feet,run_disjoint,20260916,run2,0.01,3249,1630,0.816251,0.750307,1.96711,34
real_fists_feet,run_disjoint,20260916,run2,0.1,3249,1630,0.915974,0.76319,7.38936,116
real_fists_feet,run_disjoint,20260916,run2,1.0,3249,1630,0.982764,0.739264,22.1382,239
real_fists_feet,run_disjoint,20260916,run2,10.0,3249,1630,1,0.720859,52.7968,281
real_fists_feet,run_disjoint,20260916,run2,100.0,3249,1630,1,0.721472,94.278,279
real_fists_feet,run_disjoint,20260916,run2,1000.0,3249,1630,1,0.736196,163.146,155
real_fists_feet,subject_disjoint,20260916,subj0,0.0001,3229,1650,0.64633,0.612727,0.0473775,9
real_fists_feet,subject_disjoint,20260916,subj0,0.001,3229,1650,0.730876,0.675152,0.371069,9
real_fists_feet,subject_disjoint,20260916,subj0,0.01,3229,1650,0.81821,0.688485,1.9783,23
real_fists_feet,subject_disjoint,20260916,subj0,0.1,3229,1650,0.913596,0.684242,7.3116,99
real_fists_feet,subject_disjoint,20260916,subj0,1.0,3229,1650,0.983896,0.657576,21.9604,209
real_fists_feet,subject_disjoint,20260916,subj0,10.0,3229,1650,1,0.636364,51.6897,335
real_fists_feet,subject_disjoint,20260916,subj0,100.0,3229,1650,1,0.634545,92.1116,310
real_fists_feet,subject_disjoint,20260916,subj0,1000.0,3229,1650,1,0.637576,161.567,166
real_fists_feet,subject_disjoint,20260916,subj1,0.0001,3262,1617,0.640405,0.601113,0.0466129,10
real_fists_feet,subject_disjoint,20260916,subj1,0.001,3262,1617,0.72195,0.65368,0.367971,11
real_fists_feet,subject_disjoint,20260916,subj1,0.01,3262,1617,0.823421,0.672233,2.00753,37
real_fists_feet,subject_disjoint,20260916,subj1,0.1,3262,1617,0.916922,0.655535,7.45541,92
real_fists_feet,subject_disjoint,20260916,subj1,1.0,3262,1617,0.989577,0.6376,22.2172,177
real_fists_feet,subject_disjoint,20260916,subj1,10.0,3262,1617,1,0.628324,50.756,295
real_fists_feet,subject_disjoint,20260916,subj1,100.0,3262,1617,1,0.632653,89.208,207
real_fists_feet,subject_disjoint,20260916,subj1,1000.0,3262,1617,1,0.629561,157.94,108
real_fists_feet,subject_disjoint,20260916,subj2,0.0001,3267,1612,0.606979,0.632754,0.040271,9
real_fists_feet,subject_disjoint,20260916,subj2,0.001,3267,1612,0.712886,0.668114,0.335397,11
real_fists_feet,subject_disjoint,20260916,subj2,0.01,3267,1612,0.8191,0.663772,1.98462,31
real_fists_feet,subject_disjoint,20260916,subj2,0.1,3267,1612,0.905112,0.663772,7.4403,89
real_fists_feet,subject_disjoint,20260916,subj2,1.0,3267,1612,0.979492,0.655707,22.2664,203
real_fists_feet,subject_disjoint,20260916,subj2,10.0,3267,1612,1,0.650744,53.0428,353
real_fists_feet,subject_disjoint,20260916,subj2,100.0,3267,1612,1,0.645161,97.1207,273
real_fists_feet,subject_disjoint,20260916,subj2,1000.0,3267,1612,1,0.656948,181.72,148
real_fists_feet,subject_disjoint,20260917,subj0,0.0001,3208,1671,0.621571,0.620586,0.0427474,10
real_fists_feet,subject_disjoint,20260917,subj0,0.001,3208,1671,0.718516,0.694794,0.340032,11
real_fists_feet,subject_disjoint,20260917,subj0,0.01,3208,1671,0.818579,0.696589,1.94168,29
real_fists_feet,subject_disjoint,20260917,subj0,0.1,3208,1671,0.912095,0.679832,7.40137,77
real_fists_feet,subject_disjoint,20260917,subj0,1.0,3208,1671,0.983167,0.656493,22.1951,196
real_fists_feet,subject_disjoint,20260917,subj0,10.0,3208,1671,1,0.643926,52.3299,276
real_fists_feet,subject_disjoint,20260917,subj0,100.0,3208,1671,1,0.639737,93.4147,291
real_fists_feet,subject_disjoint,20260917,subj0,1000.0,3208,1671,1,0.652304,181.281,116
real_fists_feet,subject_disjoint,20260917,subj1,0.0001,3285,1594,0.63379,0.617942,0.0434602,9
real_fists_feet,subject_disjoint,20260917,subj1,0.001,3285,1594,0.711111,0.678168,0.349932,8
real_fists_feet,subject_disjoint,20260917,subj1,0.01,3285,1594,0.813699,0.678168,1.97852,23
real_fists_feet,subject_disjoint,20260917,subj1,0.1,3285,1594,0.90898,0.690715,7.45151,76
real_fists_feet,subject_disjoint,20260917,subj1,1.0,3285,1594,0.979909,0.678795,22.1305,173
real_fists_feet,subject_disjoint,20260917,subj1,10.0,3285,1594,1,0.663739,53.2588,286
real_fists_feet,subject_disjoint,20260917,subj1,100.0,3285,1594,1,0.66813,99.8016,238
real_fists_feet,subject_disjoint,20260917,subj1,1000.0,3285,1594,1,0.676286,170.019,117
real_fists_feet,subject_disjoint,20260917,subj2,0.0001,3265,1614,0.656049,0.60223,0.0475878,9
real_fists_feet,subject_disjoint,20260917,subj2,0.001,3265,1614,0.748851,0.620198,0.383084,9
real_fists_feet,subject_disjoint,20260917,subj2,0.01,3265,1614,0.833691,0.635068,2.06379,32
real_fists_feet,subject_disjoint,20260917,subj2,0.1,3265,1614,0.917305,0.640644,7.37697,86
real_fists_feet,subject_disjoint,20260917,subj2,1.0,3265,1614,0.987136,0.626394,21.8998,185
real_fists_feet,subject_disjoint,20260917,subj2,10.0,3265,1614,1,0.615242,49.7828,262
real_fists_feet,subject_disjoint,20260917,subj2,100.0,3265,1614,1,0.6171,87.8104,238
real_fists_feet,subject_disjoint,20260917,subj2,1000.0,3265,1614,1,0.629492,164.774,103
real_fists_feet,subject_disjoint,20260918,subj0,0.0001,3217,1662,0.627603,0.616727,0.0429262,9
real_fists_feet,subject_disjoint,20260918,subj0,0.001,3217,1662,0.712154,0.651023,0.342007,14
real_fists_feet,subject_disjoint,20260918,subj0,0.01,3217,1662,0.812869,0.702166,1.92918,27
real_fists_feet,subject_disjoint,20260918,subj0,0.1,3217,1662,0.906745,0.700361,7.33727,102
real_fists_feet,subject_disjoint,20260918,subj0,1.0,3217,1662,0.985079,0.688327,22.3724,185
real_fists_feet,subject_disjoint,20260918,subj0,10.0,3217,1662,1,0.677497,52.946,290
real_fists_feet,subject_disjoint,20260918,subj0,100.0,3217,1662,1,0.669675,94.4598,239
real_fists_feet,subject_disjoint,20260918,subj0,1000.0,3217,1662,1,0.676294,177.728,143
real_fists_feet,subject_disjoint,20260918,subj1,0.0001,3282,1597,0.645948,0.601127,0.0442091,8
real_fists_feet,subject_disjoint,20260918,subj1,0.001,3282,1597,0.735222,0.659361,0.359239,12
real_fists_feet,subject_disjoint,20260918,subj1,0.01,3282,1597,0.829982,0.661866,2.02762,31
real_fists_feet,subject_disjoint,20260918,subj1,0.1,3282,1597,0.918952,0.657483,7.49432,76
real_fists_feet,subject_disjoint,20260918,subj1,1.0,3282,1597,0.987203,0.633688,22.1368,194
real_fists_feet,subject_disjoint,20260918,subj1,10.0,3282,1597,1,0.625548,51.4219,299
real_fists_feet,subject_disjoint,20260918,subj1,100.0,3282,1597,1,0.628053,92.5391,216
real_fists_feet,subject_disjoint,20260918,subj1,1000.0,3282,1597,1,0.629305,166.188,136
real_fists_feet,subject_disjoint,20260918,subj2,0.0001,3259,1620,0.638539,0.622222,0.0469853,9
real_fists_feet,subject_disjoint,20260918,subj2,0.001,3259,1620,0.728444,0.655556,0.374196,15
real_fists_feet,subject_disjoint,20260918,subj2,0.01,3259,1620,0.824179,0.666049,2.02514,34
real_fists_feet,subject_disjoint,20260918,subj2,0.1,3259,1620,0.91838,0.655556,7.40799,97
real_fists_feet,subject_disjoint,20260918,subj2,1.0,3259,1620,0.98251,0.632099,21.7297,209
real_fists_feet,subject_disjoint,20260918,subj2,10.0,3259,1620,1,0.612963,51.0041,319
real_fists_feet,subject_disjoint,20260918,subj2,100.0,3259,1620,1,0.61358,91.1541,285
real_fists_feet,subject_disjoint,20260918,subj2,1000.0,3259,1620,1,0.608642,163.171,181
real_fists_feet,subject_disjoint,20260919,subj0,0.0001,3226,1653,0.602294,0.583787,0.0403663,10
real_fists_feet,subject_disjoint,20260919,subj0,0.001,3226,1653,0.709547,0.695705,0.327145,11
real_fists_feet,subject_disjoint,20260919,subj0,0.01,3226,1653,0.808122,0.725348,1.90274,33
real_fists_feet,subject_disjoint,20260919,subj0,0.1,3226,1653,0.907936,0.721718,7.36902,97
real_fists_feet,subject_disjoint,20260919,subj0,1.0,3226,1653,0.978301,0.701754,22.3489,212
real_fists_feet,subject_disjoint,20260919,subj0,10.0,3226,1653,1,0.698125,53.9292,315
real_fists_feet,subject_disjoint,20260919,subj0,100.0,3226,1653,1,0.695705,96.7625,272
real_fists_feet,subject_disjoint,20260919,subj0,1000.0,3226,1653,1,0.682396,181.906,125
real_fists_feet,subject_disjoint,20260919,subj1,0.0001,3258,1621,0.634131,0.615052,0.0448256,8
real_fists_feet,subject_disjoint,20260919,subj1,0.001,3258,1621,0.723143,0.639729,0.360427,15
real_fists_feet,subject_disjoint,20260919,subj1,0.01,3258,1621,0.824739,0.642196,2.01961,32
real_fists_feet,subject_disjoint,20260919,subj1,0.1,3258,1621,0.904543,0.644664,7.36975,94
real_fists_feet,subject_disjoint,20260919,subj1,1.0,3258,1621,0.982812,0.638495,21.9661,205
real_fists_feet,subject_disjoint,20260919,subj1,10.0,3258,1621,1,0.637878,52.1636,347
real_fists_feet,subject_disjoint,20260919,subj1,100.0,3258,1621,1,0.634793,95.3694,290
real_fists_feet,subject_disjoint,20260919,subj1,1000.0,3258,1621,1,0.632943,168.002,155
real_fists_feet,subject_disjoint,20260919,subj2,0.0001,3274,1605,0.648137,0.602492,0.0492863,9
real_fists_feet,subject_disjoint,20260919,subj2,0.001,3274,1605,0.738241,0.634268,0.389144,15
real_fists_feet,subject_disjoint,20260919,subj2,0.01,3274,1605,0.827123,0.631153,2.04599,34
real_fists_feet,subject_disjoint,20260919,subj2,0.1,3274,1605,0.91967,0.650467,7.35146,92
real_fists_feet,subject_disjoint,20260919,subj2,1.0,3274,1605,0.987172,0.638006,21.8822,208
real_fists_feet,subject_disjoint,20260919,subj2,10.0,3274,1605,1,0.624922,50.6027,273
real_fists_feet,subject_disjoint,20260919,subj2,100.0,3274,1605,1,0.626168,88.2399,209
real_fists_feet,subject_disjoint,20260919,subj2,1000.0,3274,1605,1,0.624299,157.204,137
real_fists_feet,subject_disjoint,20260920,subj0,0.0001,3226,1653,0.630502,0.617665,0.0454131,9
real_fists_feet,subject_disjoint,20260920,subj0,0.001,3226,1653,0.721947,0.647308,0.362472,8
real_fists_feet,subject_disjoint,20260920,subj0,0.01,3226,1653,0.83447,0.632789,1.98502,47
real_fists_feet,subject_disjoint,20260920,subj0,0.1,3226,1653,0.915065,0.635209,7.34115,113
real_fists_feet,subject_disjoint,20260920,subj0,1.0,3226,1653,0.982021,0.630369,21.9321,233
real_fists_feet,subject_disjoint,20260920,subj0,10.0,3226,1653,1,0.620085,52.1184,312
real_fists_feet,subject_disjoint,20260920,subj0,100.0,3226,1653,1,0.616455,93.3623,297
real_fists_feet,subject_disjoint,20260920,subj0,1000.0,3226,1653,1,0.622505,174.711,143
real_fists_feet,subject_disjoint,20260920,subj1,0.0001,3262,1617,0.632434,0.569573,0.0436241,10
real_fists_feet,subject_disjoint,20260920,subj1,0.001,3262,1617,0.726855,0.620284,0.354589,10
real_fists_feet,subject_disjoint,20260920,subj1,0.01,3262,1617,0.820356,0.662956,2.0005,32
real_fists_feet,subject_disjoint,20260920,subj1,0.1,3262,1617,0.908952,0.675943,7.35535,99
real_fists_feet,subject_disjoint,20260920,subj1,1.0,3262,1617,0.982833,0.670996,22.0885,190
real_fists_feet,subject_disjoint,20260920,subj1,10.0,3262,1617,1,0.643166,52.7379,274
real_fists_feet,subject_disjoint,20260920,subj1,100.0,3262,1617,1,0.638219,96.1369,240
real_fists_feet,subject_disjoint,20260920,subj1,1000.0,3262,1617,1,0.65739,169.176,118
real_fists_feet,subject_disjoint,20260920,subj2,0.0001,3270,1609,0.64526,0.620261,0.0452231,9
real_fists_feet,subject_disjoint,20260920,subj2,0.001,3270,1609,0.727217,0.671224,0.363219,9
real_fists_feet,subject_disjoint,20260920,subj2,0.01,3270,1609,0.824771,0.688005,2.00834,36
real_fists_feet,subject_disjoint,20260920,subj2,0.1,3270,1609,0.919572,0.672467,7.48093,92
real_fists_feet,subject_disjoint,20260920,subj2,1.0,3270,1609,0.987462,0.649472,22.2112,169
real_fists_feet,subject_disjoint,20260920,subj2,10.0,3270,1609,1,0.638285,51.0438,252
real_fists_feet,subject_disjoint,20260920,subj2,100.0,3270,1609,1,0.639528,89.8966,194
real_fists_feet,subject_disjoint,20260920,subj2,1000.0,3270,1609,1,0.642014,162.954,124
