task,protocol,seed,fold,metric,value,n,note
imagery_left_right_fist,descriptive,,,mean_pairwise_abs_cos_d_s,0.0718702,11772,mean |cos| between subject-specific class-separation directions (off-diagonal pairs)
imagery_left_right_fist,descriptive,,,mean_abs_cos_d_s_d_global,0.221626,109,mean |cos| between each subject's direction and the global class direction
imagery_left_right_fist,descriptive,,,random_direction_fraction_in_span,0.0524038,109,expected ||proj||^2/||w||^2 of a random direction (k/D)
imagery_left_right_fist,trial_random,20260916,trial0,mean_abs_cos_w_d_s_train_subjects,0.101902,109,
imagery_left_right_fist,trial_random,20260916,trial0,mean_abs_cos_w_d_s_test_subjects,0.101902,109,
imagery_left_right_fist,trial_random,20260916,trial0,abs_cos_w_d_global,0.38422,109,
imagery_left_right_fist,trial_random,20260916,trial0,fraction_w_in_span_all_d_s,0.29865,109,
imagery_left_right_fist,trial_random,20260916,trial0,fraction_w_in_span_train_d_s,0.29865,109,
imagery_left_right_fist,trial_random,20260916,trial1,mean_abs_cos_w_d_s_train_subjects,0.100967,109,
imagery_left_right_fist,trial_random,20260916,trial1,mean_abs_cos_w_d_s_test_subjects,0.100967,109,
imagery_left_right_fist,trial_random,20260916,trial1,abs_cos_w_d_global,0.381447,109,
imagery_left_right_fist,trial_random,20260916,trial1,fraction_w_in_span_all_d_s,0.291492,109,
imagery_left_right_fist,trial_random,20260916,trial1,fraction_w_in_span_train_d_s,0.291492,109,
imagery_left_right_fist,trial_random,20260916,trial2,mean_abs_cos_w_d_s_train_subjects,0.102844,109,
imagery_left_right_fist,trial_random,20260916,trial2,mean_abs_cos_w_d_s_test_subjects,0.102844,109,
imagery_left_right_fist,trial_random,20260916,trial2,abs_cos_w_d_global,0.389735,109,
imagery_left_right_fist,trial_random,20260916,trial2,fraction_w_in_span_all_d_s,0.318966,109,
imagery_left_right_fist,trial_random,20260916,trial2,fraction_w_in_span_train_d_s,0.318966,109,
imagery_left_right_fist,trial_random,20260917,trial0,mean_abs_cos_w_d_s_train_subjects,0.102343,109,
imagery_left_right_fist,trial_random,20260917,trial0,mean_abs_cos_w_d_s_test_subjects,0.102343,109,
imagery_left_right_fist,trial_random,20260917,trial0,abs_cos_w_d_global,0.385682,109,
imagery_left_right_fist,trial_random,20260917,trial0,fraction_w_in_span_all_d_s,0.311685,109,
imagery_left_right_fist,trial_random,20260917,trial0,fraction_w_in_span_train_d_s,0.311685,109,
imagery_left_right_fist,trial_random,20260917,trial1,mean_abs_cos_w_d_s_train_subjects,0.10058,109,
imagery_left_right_fist,trial_random,20260917,trial1,mean_abs_cos_w_d_s_test_subjects,0.10058,109,
imagery_left_right_fist,trial_random,20260917,trial1,abs_cos_w_d_global,0.380708,109,
imagery_left_right_fist,trial_random,20260917,trial1,fraction_w_in_span_all_d_s,0.295062,109,
imagery_left_right_fist,trial_random,20260917,trial1,fraction_w_in_span_train_d_s,0.295062,109,
imagery_left_right_fist,trial_random,20260917,trial2,mean_abs_cos_w_d_s_train_subjects,0.103409,109,
imagery_left_right_fist,trial_random,20260917,trial2,mean_abs_cos_w_d_s_test_subjects,0.103409,109,
imagery_left_right_fist,trial_random,20260917,trial2,abs_cos_w_d_global,0.391826,109,
imagery_left_right_fist,trial_random,20260917,trial2,fraction_w_in_span_all_d_s,0.313938,109,
imagery_left_right_fist,trial_random,20260917,trial2,fraction_w_in_span_train_d_s,0.313938,109,
imagery_left_right_fist,trial_random,20260918,trial0,mean_abs_cos_w_d_s_train_subjects,0.10167,109,
imagery_left_right_fist,trial_random,20260918,trial0,mean_abs_cos_w_d_s_test_subjects,0.10167,109,
imagery_left_right_fist,trial_random,20260918,trial0,abs_cos_w_d_global,0.384787,109,
imagery_left_right_fist,trial_random,20260918,trial0,fraction_w_in_span_all_d_s,0.312278,109,
imagery_left_right_fist,trial_random,20260918,trial0,fraction_w_in_span_train_d_s,0.312278,109,
imagery_left_right_fist,trial_random,20260918,trial1,mean_abs_cos_w_d_s_train_subjects,0.10273,109,
imagery_left_right_fist,trial_random,20260918,trial1,mean_abs_cos_w_d_s_test_subjects,0.10273,109,
imagery_left_right_fist,trial_random,20260918,trial1,abs_cos_w_d_global,0.387434,109,
imagery_left_right_fist,trial_random,20260918,trial1,fraction_w_in_span_all_d_s,0.318332,109,
imagery_left_right_fist,trial_random,20260918,trial1,fraction_w_in_span_train_d_s,0.318332,109,
imagery_left_right_fist,trial_random,20260918,trial2,mean_abs_cos_w_d_s_train_subjects,0.101597,109,
imagery_left_right_fist,trial_random,20260918,trial2,mean_abs_cos_w_d_s_test_subjects,0.101597,109,
imagery_left_right_fist,trial_random,20260918,trial2,abs_cos_w_d_global,0.384272,109,
imagery_left_right_fist,trial_random,20260918,trial2,fraction_w_in_span_all_d_s,0.293473,109,
imagery_left_right_fist,trial_random,20260918,trial2,fraction_w_in_span_train_d_s,0.293473,109,
imagery_left_right_fist,trial_random,20260919,trial0,mean_abs_cos_w_d_s_train_subjects,0.10141,109,
imagery_left_right_fist,trial_random,20260919,trial0,mean_abs_cos_w_d_s_test_subjects,0.10141,109,
imagery_left_right_fist,trial_random,20260919,trial0,abs_cos_w_d_global,0.38442,109,
imagery_left_right_fist,trial_random,20260919,trial0,fraction_w_in_span_all_d_s,0.306893,109,
imagery_left_right_fist,trial_random,20260919,trial0,fraction_w_in_span_train_d_s,0.306893,109,
imagery_left_right_fist,trial_random,20260919,trial1,mean_abs_cos_w_d_s_train_subjects,0.101529,109,
imagery_left_right_fist,trial_random,20260919,trial1,mean_abs_cos_w_d_s_test_subjects,0.101529,109,
imagery_left_right_fist,trial_random,20260919,trial1,abs_cos_w_d_global,0.382453,109,
imagery_left_right_fist,trial_random,20260919,trial1,fraction_w_in_span_all_d_s,0.296373,109,
imagery_left_right_fist,trial_random,20260919,trial1,fraction_w_in_span_train_d_s,0.296373,109,
imagery_left_right_fist,trial_random,20260919,trial2,mean_abs_cos_w_d_s_train_subjects,0.102044,109,
imagery_left_right_fist,trial_random,20260919,trial2,mean_abs_cos_w_d_s_test_subjects,0.102044,109,
imagery_left_right_fist,trial_random,20260919,trial2,abs_cos_w_d_global,0.385394,109,
imagery_left_right_fist,trial_random,20260919,trial2,fraction_w_in_span_all_d_s,0.319203,109,
imagery_left_right_fist,trial_random,20260919,trial2,fraction_w_in_span_train_d_s,0.319203,109,
imagery_left_right_fist,trial_random,20260920,trial0,mean_abs_cos_w_d_s_train_subjects,0.101023,109,
imagery_left_right_fist,trial_random,20260920,trial0,mean_abs_cos_w_d_s_test_subjects,0.101023,109,
imagery_left_right_fist,trial_random,20260920,trial0,abs_cos_w_d_global,0.382538,109,
imagery_left_right_fist,trial_random,20260920,trial0,fraction_w_in_span_all_d_s,0.297738,109,
imagery_left_right_fist,trial_random,20260920,trial0,fraction_w_in_span_train_d_s,0.297738,109,
imagery_left_right_fist,trial_random,20260920,trial1,mean_abs_cos_w_d_s_train_subjects,0.102287,109,
imagery_left_right_fist,trial_random,20260920,trial1,mean_abs_cos_w_d_s_test_subjects,0.102287,109,
imagery_left_right_fist,trial_random,20260920,trial1,abs_cos_w_d_global,0.38791,109,
imagery_left_right_fist,trial_random,20260920,trial1,fraction_w_in_span_all_d_s,0.303651,109,
imagery_left_right_fist,trial_random,20260920,trial1,fraction_w_in_span_train_d_s,0.303651,109,
imagery_left_right_fist,trial_random,20260920,trial2,mean_abs_cos_w_d_s_train_subjects,0.103198,109,
imagery_left_right_fist,trial_random,20260920,trial2,mean_abs_cos_w_d_s_test_subjects,0.103198,109,
imagery_left_right_fist,trial_random,20260920,trial2,abs_cos_w_d_global,0.388879,109,
imagery_left_right_fist,trial_random,20260920,trial2,fraction_w_in_span_all_d_s,0.318943,109,
imagery_left_right_fist,trial_random,20260920,trial2,fraction_w_in_span_train_d_s,0.318943,109,
imagery_left_right_fist,subject_disjoint,20260916,subj0,mean_abs_cos_w_d_s_train_subjects,0.127454,72,
imagery_left_right_fist,subject_disjoint,20260916,subj0,mean_abs_cos_w_d_s_test_subjects,0.0599578,72,
imagery_left_right_fist,subject_disjoint,20260916,subj0,abs_cos_w_d_global,0.399465,72,
imagery_left_right_fist,subject_disjoint,20260916,subj0,fraction_w_in_span_all_d_s,0.453214,72,
imagery_left_right_fist,subject_disjoint,20260916,subj0,fraction_w_in_span_train_d_s,0.411173,72,
imagery_left_right_fist,subject_disjoint,20260916,subj1,mean_abs_cos_w_d_s_train_subjects,0.131452,73,
imagery_left_right_fist,subject_disjoint,20260916,subj1,mean_abs_cos_w_d_s_test_subjects,0.0597211,73,
imagery_left_right_fist,subject_disjoint,20260916,subj1,abs_cos_w_d_global,0.407667,73,
imagery_left_right_fist,subject_disjoint,20260916,subj1,fraction_w_in_span_all_d_s,0.479952,73,
imagery_left_right_fist,subject_disjoint,20260916,subj1,fraction_w_in_span_train_d_s,0.43148,73,
imagery_left_right_fist,subject_disjoint,20260916,subj2,mean_abs_cos_w_d_s_train_subjects,0.12445,73,
imagery_left_right_fist,subject_disjoint,20260916,subj2,mean_abs_cos_w_d_s_test_subjects,0.0641418,73,
imagery_left_right_fist,subject_disjoint,20260916,subj2,abs_cos_w_d_global,0.38651,73,
imagery_left_right_fist,subject_disjoint,20260916,subj2,fraction_w_in_span_all_d_s,0.436076,73,
imagery_left_right_fist,subject_disjoint,20260916,subj2,fraction_w_in_span_train_d_s,0.387633,73,
imagery_left_right_fist,subject_disjoint,20260917,subj0,mean_abs_cos_w_d_s_train_subjects,0.122844,72,
imagery_left_right_fist,subject_disjoint,20260917,subj0,mean_abs_cos_w_d_s_test_subjects,0.0659618,72,
imagery_left_right_fist,subject_disjoint,20260917,subj0,abs_cos_w_d_global,0.389698,72,
imagery_left_right_fist,subject_disjoint,20260917,subj0,fraction_w_in_span_all_d_s,0.467647,72,
imagery_left_right_fist,subject_disjoint,20260917,subj0,fraction_w_in_span_train_d_s,0.42137,72,
imagery_left_right_fist,subject_disjoint,20260917,subj1,mean_abs_cos_w_d_s_train_subjects,0.127915,73,
imagery_left_right_fist,subject_disjoint,20260917,subj1,mean_abs_cos_w_d_s_test_subjects,0.0527972,73,
imagery_left_right_fist,subject_disjoint,20260917,subj1,abs_cos_w_d_global,0.390447,73,
imagery_left_right_fist,subject_disjoint,20260917,subj1,fraction_w_in_span_all_d_s,0.460626,73,
imagery_left_right_fist,subject_disjoint,20260917,subj1,fraction_w_in_span_train_d_s,0.417435,73,
imagery_left_right_fist,subject_disjoint,20260917,subj2,mean_abs_cos_w_d_s_train_subjects,0.135049,73,
imagery_left_right_fist,subject_disjoint,20260917,subj2,mean_abs_cos_w_d_s_test_subjects,0.0605266,73,
imagery_left_right_fist,subject_disjoint,20260917,subj2,abs_cos_w_d_global,0.411567,73,
imagery_left_right_fist,subject_disjoint,20260917,subj2,fraction_w_in_span_all_d_s,0.430708,73,
imagery_left_right_fist,subject_disjoint,20260917,subj2,fraction_w_in_span_train_d_s,0.392389,73,
imagery_left_right_fist,subject_disjoint,20260918,subj0,mean_abs_cos_w_d_s_train_subjects,0.124872,72,
imagery_left_right_fist,subject_disjoint,20260918,subj0,mean_abs_cos_w_d_s_test_subjects,0.0669121,72,
imagery_left_right_fist,subject_disjoint,20260918,subj0,abs_cos_w_d_global,0.398337,72,
imagery_left_right_fist,subject_disjoint,20260918,subj0,fraction_w_in_span_all_d_s,0.448798,72,
imagery_left_right_fist,subject_disjoint,20260918,subj0,fraction_w_in_span_train_d_s,0.403899,72,
imagery_left_right_fist,subject_disjoint,20260918,subj1,mean_abs_cos_w_d_s_train_subjects,0.123122,73,
imagery_left_right_fist,subject_disjoint,20260918,subj1,mean_abs_cos_w_d_s_test_subjects,0.058969,73,
imagery_left_right_fist,subject_disjoint,20260918,subj1,abs_cos_w_d_global,0.382859,73,
imagery_left_right_fist,subject_disjoint,20260918,subj1,fraction_w_in_span_all_d_s,0.435554,73,
imagery_left_right_fist,subject_disjoint,20260918,subj1,fraction_w_in_span_train_d_s,0.387765,73,
imagery_left_right_fist,subject_disjoint,20260918,subj2,mean_abs_cos_w_d_s_train_subjects,0.133166,73,
imagery_left_right_fist,subject_disjoint,20260918,subj2,mean_abs_cos_w_d_s_test_subjects,0.0598274,73,
imagery_left_right_fist,subject_disjoint,20260918,subj2,abs_cos_w_d_global,0.406413,73,
imagery_left_right_fist,subject_disjoint,20260918,subj2,fraction_w_in_span_all_d_s,0.470113,73,
imagery_left_right_fist,subject_disjoint,20260918,subj2,fraction_w_in_span_train_d_s,0.415735,73,
imagery_left_right_fist,subject_disjoint,20260919,subj0,mean_abs_cos_w_d_s_train_subjects,0.129683,72,
imagery_left_right_fist,subject_disjoint,20260919,subj0,mean_abs_cos_w_d_s_test_subjects,0.0622083,72,
imagery_left_right_fist,subject_disjoint,20260919,subj0,abs_cos_w_d_global,0.396853,72,
imagery_left_right_fist,subject_disjoint,20260919,subj0,fraction_w_in_span_all_d_s,0.480202,72,
imagery_left_right_fist,subject_disjoint,20260919,subj0,fraction_w_in_span_train_d_s,0.425442,72,
imagery_left_right_fist,subject_disjoint,20260919,subj1,mean_abs_cos_w_d_s_train_subjects,0.127943,73,
imagery_left_right_fist,subject_disjoint,20260919,subj1,mean_abs_cos_w_d_s_test_subjects,0.0615354,73,
imagery_left_right_fist,subject_disjoint,20260919,subj1,abs_cos_w_d_global,0.399672,73,
imagery_left_right_fist,subject_disjoint,20260919,subj1,fraction_w_in_span_all_d_s,0.429378,73,
imagery_left_right_fist,subject_disjoint,20260919,subj1,fraction_w_in_span_train_d_s,0.377883,73,
imagery_left_right_fist,subject_disjoint,20260919,subj2,mean_abs_cos_w_d_s_train_subjects,0.125672,73,
imagery_left_right_fist,subject_disjoint,20260919,subj2,mean_abs_cos_w_d_s_test_subjects,0.0589862,73,
imagery_left_right_fist,subject_disjoint,20260919,subj2,abs_cos_w_d_global,0.393996,73,
imagery_left_right_fist,subject_disjoint,20260919,subj2,fraction_w_in_span_all_d_s,0.464093,73,
imagery_left_right_fist,subject_disjoint,20260919,subj2,fraction_w_in_span_train_d_s,0.413442,73,
imagery_left_right_fist,subject_disjoint,20260920,subj0,mean_abs_cos_w_d_s_train_subjects,0.125409,72,
imagery_left_right_fist,subject_disjoint,20260920,subj0,mean_abs_cos_w_d_s_test_subjects,0.0602017,72,
imagery_left_right_fist,subject_disjoint,20260920,subj0,abs_cos_w_d_global,0.389932,72,
imagery_left_right_fist,subject_disjoint,20260920,subj0,fraction_w_in_span_all_d_s,0.458476,72,
imagery_left_right_fist,subject_disjoint,20260920,subj0,fraction_w_in_span_train_d_s,0.413566,72,
imagery_left_right_fist,subject_disjoint,20260920,subj1,mean_abs_cos_w_d_s_train_subjects,0.131485,73,
imagery_left_right_fist,subject_disjoint,20260920,subj1,mean_abs_cos_w_d_s_test_subjects,0.0604066,73,
imagery_left_right_fist,subject_disjoint,20260920,subj1,abs_cos_w_d_global,0.404839,73,
imagery_left_right_fist,subject_disjoint,20260920,subj1,fraction_w_in_span_all_d_s,0.434995,73,
imagery_left_right_fist,subject_disjoint,20260920,subj1,fraction_w_in_span_train_d_s,0.394523,73,
imagery_left_right_fist,subject_disjoint,20260920,subj2,mean_abs_cos_w_d_s_train_subjects,0.124937,73,
imagery_left_right_fist,subject_disjoint,20260920,subj2,mean_abs_cos_w_d_s_test_subjects,0.0636695,73,
imagery_left_right_fist,subject_disjoint,20260920,subj2,abs_cos_w_d_global,0.392993,73,
imagery_left_right_fist,subject_disjoint,20260920,subj2,fraction_w_in_span_all_d_s,0.467479,73,
imagery_left_right_fist,subject_disjoint,20260920,subj2,fraction_w_in_span_train_d_s,0.413477,73,
real_left_right_fist,descriptive,,,mean_pairwise_abs_cos_d_s,0.0794357,11772,mean |cos| between subject-specific class-separation directions (off-diagonal pairs)
real_left_right_fist,descriptive,,,mean_abs_cos_d_s_d_global,0.264194,109,mean |cos| between each subject's direction and the global class direction
real_left_right_fist,descriptive,,,random_direction_fraction_in_span,0.0524038,109,expected ||proj||^2/||w||^2 of a random direction (k/D)
real_left_right_fist,trial_random,20260916,trial0,mean_abs_cos_w_d_s_train_subjects,0.123641,109,
real_left_right_fist,trial_random,20260916,trial0,mean_abs_cos_w_d_s_test_subjects,0.123641,109,
real_left_right_fist,trial_random,20260916,trial0,abs_cos_w_d_global,0.451049,109,
real_left_right_fist,trial_random,20260916,trial0,fraction_w_in_span_all_d_s,0.326497,109,
real_left_right_fist,trial_random,20260916,trial0,fraction_w_in_span_train_d_s,0.326497,109,
real_left_right_fist,trial_random,20260916,trial1,mean_abs_cos_w_d_s_train_subjects,0.122581,109,
real_left_right_fist,trial_random,20260916,trial1,mean_abs_cos_w_d_s_test_subjects,0.122581,109,
real_left_right_fist,trial_random,20260916,trial1,abs_cos_w_d_global,0.448363,109,
real_left_right_fist,trial_random,20260916,trial1,fraction_w_in_span_all_d_s,0.324289,109,
real_left_right_fist,trial_random,20260916,trial1,fraction_w_in_span_train_d_s,0.324289,109,
real_left_right_fist,trial_random,20260916,trial2,mean_abs_cos_w_d_s_train_subjects,0.12141,109,
real_left_right_fist,trial_random,20260916,trial2,mean_abs_cos_w_d_s_test_subjects,0.12141,109,
real_left_right_fist,trial_random,20260916,trial2,abs_cos_w_d_global,0.444901,109,
real_left_right_fist,trial_random,20260916,trial2,fraction_w_in_span_all_d_s,0.323819,109,
real_left_right_fist,trial_random,20260916,trial2,fraction_w_in_span_train_d_s,0.323819,109,
real_left_right_fist,trial_random,20260917,trial0,mean_abs_cos_w_d_s_train_subjects,0.124917,109,
real_left_right_fist,trial_random,20260917,trial0,mean_abs_cos_w_d_s_test_subjects,0.124917,109,
real_left_right_fist,trial_random,20260917,trial0,abs_cos_w_d_global,0.45677,109,
real_left_right_fist,trial_random,20260917,trial0,fraction_w_in_span_all_d_s,0.334044,109,
real_left_right_fist,trial_random,20260917,trial0,fraction_w_in_span_train_d_s,0.334044,109,
real_left_right_fist,trial_random,20260917,trial1,mean_abs_cos_w_d_s_train_subjects,0.126234,109,
real_left_right_fist,trial_random,20260917,trial1,mean_abs_cos_w_d_s_test_subjects,0.126234,109,
real_left_right_fist,trial_random,20260917,trial1,abs_cos_w_d_global,0.461359,109,
real_left_right_fist,trial_random,20260917,trial1,fraction_w_in_span_all_d_s,0.334997,109,
real_left_right_fist,trial_random,20260917,trial1,fraction_w_in_span_train_d_s,0.334997,109,
real_left_right_fist,trial_random,20260917,trial2,mean_abs_cos_w_d_s_train_subjects,0.120705,109,
real_left_right_fist,trial_random,20260917,trial2,mean_abs_cos_w_d_s_test_subjects,0.120705,109,
real_left_right_fist,trial_random,20260917,trial2,abs_cos_w_d_global,0.441635,109,
real_left_right_fist,trial_random,20260917,trial2,fraction_w_in_span_all_d_s,0.315781,109,
real_left_right_fist,trial_random,20260917,trial2,fraction_w_in_span_train_d_s,0.315781,109,
real_left_right_fist,trial_random,20260918,trial0,mean_abs_cos_w_d_s_train_subjects,0.122687,109,
real_left_right_fist,trial_random,20260918,trial0,mean_abs_cos_w_d_s_test_subjects,0.122687,109,
real_left_right_fist,trial_random,20260918,trial0,abs_cos_w_d_global,0.44762,109,
real_left_right_fist,trial_random,20260918,trial0,fraction_w_in_span_all_d_s,0.333251,109,
real_left_right_fist,trial_random,20260918,trial0,fraction_w_in_span_train_d_s,0.333251,109,
real_left_right_fist,trial_random,20260918,trial1,mean_abs_cos_w_d_s_train_subjects,0.12485,109,
real_left_right_fist,trial_random,20260918,trial1,mean_abs_cos_w_d_s_test_subjects,0.12485,109,
real_left_right_fist,trial_random,20260918,trial1,abs_cos_w_d_global,0.456732,109,
real_left_right_fist,trial_random,20260918,trial1,fraction_w_in_span_all_d_s,0.332782,109,
real_left_right_fist,trial_random,20260918,trial1,fraction_w_in_span_train_d_s,0.332782,109,
real_left_right_fist,trial_random,20260918,trial2,mean_abs_cos_w_d_s_train_subjects,0.121646,109,
real_left_right_fist,trial_random,20260918,trial2,mean_abs_cos_w_d_s_test_subjects,0.121646,109,
real_left_right_fist,trial_random,20260918,trial2,abs_cos_w_d_global,0.444818,109,
real_left_right_fist,trial_random,20260918,trial2,fraction_w_in_span_all_d_s,0.319475,109,
real_left_right_fist,trial_random,20260918,trial2,fraction_w_in_span_train_d_s,0.319475,109,
real_left_right_fist,trial_random,20260919,trial0,mean_abs_cos_w_d_s_train_subjects,0.123744,109,
real_left_right_fist,trial_random,20260919,trial0,mean_abs_cos_w_d_s_test_subjects,0.123744,109,
real_left_right_fist,trial_random,20260919,trial0,abs_cos_w_d_global,0.452565,109,
real_left_right_fist,trial_random,20260919,trial0,fraction_w_in_span_all_d_s,0.329322,109,
real_left_right_fist,trial_random,20260919,trial0,fraction_w_in_span_train_d_s,0.329322,109,
real_left_right_fist,trial_random,20260919,trial1,mean_abs_cos_w_d_s_train_subjects,0.123111,109,
real_left_right_fist,trial_random,20260919,trial1,mean_abs_cos_w_d_s_test_subjects,0.123111,109,
real_left_right_fist,trial_random,20260919,trial1,abs_cos_w_d_global,0.449519,109,
real_left_right_fist,trial_random,20260919,trial1,fraction_w_in_span_all_d_s,0.324767,109,
real_left_right_fist,trial_random,20260919,trial1,fraction_w_in_span_train_d_s,0.324767,109,
real_left_right_fist,trial_random,20260919,trial2,mean_abs_cos_w_d_s_train_subjects,0.125196,109,
real_left_right_fist,trial_random,20260919,trial2,mean_abs_cos_w_d_s_test_subjects,0.125196,109,
real_left_right_fist,trial_random,20260919,trial2,abs_cos_w_d_global,0.457789,109,
real_left_right_fist,trial_random,20260919,trial2,fraction_w_in_span_all_d_s,0.337951,109,
real_left_right_fist,trial_random,20260919,trial2,fraction_w_in_span_train_d_s,0.337951,109,
real_left_right_fist,trial_random,20260920,trial0,mean_abs_cos_w_d_s_train_subjects,0.12379,109,
real_left_right_fist,trial_random,20260920,trial0,mean_abs_cos_w_d_s_test_subjects,0.12379,109,
real_left_right_fist,trial_random,20260920,trial0,abs_cos_w_d_global,0.452806,109,
real_left_right_fist,trial_random,20260920,trial0,fraction_w_in_span_all_d_s,0.327773,109,
real_left_right_fist,trial_random,20260920,trial0,fraction_w_in_span_train_d_s,0.327773,109,
real_left_right_fist,trial_random,20260920,trial1,mean_abs_cos_w_d_s_train_subjects,0.122873,109,
real_left_right_fist,trial_random,20260920,trial1,mean_abs_cos_w_d_s_test_subjects,0.122873,109,
real_left_right_fist,trial_random,20260920,trial1,abs_cos_w_d_global,0.448801,109,
real_left_right_fist,trial_random,20260920,trial1,fraction_w_in_span_all_d_s,0.33337,109,
real_left_right_fist,trial_random,20260920,trial1,fraction_w_in_span_train_d_s,0.33337,109,
real_left_right_fist,trial_random,20260920,trial2,mean_abs_cos_w_d_s_train_subjects,0.124318,109,
real_left_right_fist,trial_random,20260920,trial2,mean_abs_cos_w_d_s_test_subjects,0.124318,109,
real_left_right_fist,trial_random,20260920,trial2,abs_cos_w_d_global,0.455275,109,
real_left_right_fist,trial_random,20260920,trial2,fraction_w_in_span_all_d_s,0.323065,109,
real_left_right_fist,trial_random,20260920,trial2,fraction_w_in_span_train_d_s,0.323065,109,
real_left_right_fist,subject_disjoint,20260916,subj0,mean_abs_cos_w_d_s_train_subjects,0.148393,72,
real_left_right_fist,subject_disjoint,20260916,subj0,mean_abs_cos_w_d_s_test_subjects,0.0896724,72,
real_left_right_fist,subject_disjoint,20260916,subj0,abs_cos_w_d_global,0.471379,72,
real_left_right_fist,subject_disjoint,20260916,subj0,fraction_w_in_span_all_d_s,0.446808,72,
real_left_right_fist,subject_disjoint,20260916,subj0,fraction_w_in_span_train_d_s,0.4092,72,
real_left_right_fist,subject_disjoint,20260916,subj1,mean_abs_cos_w_d_s_train_subjects,0.147341,73,
real_left_right_fist,subject_disjoint,20260916,subj1,mean_abs_cos_w_d_s_test_subjects,0.090735,73,
real_left_right_fist,subject_disjoint,20260916,subj1,abs_cos_w_d_global,0.469672,73,
real_left_right_fist,subject_disjoint,20260916,subj1,fraction_w_in_span_all_d_s,0.457944,73,
real_left_right_fist,subject_disjoint,20260916,subj1,fraction_w_in_span_train_d_s,0.407124,73,
real_left_right_fist,subject_disjoint,20260916,subj2,mean_abs_cos_w_d_s_train_subjects,0.144539,73,
real_left_right_fist,subject_disjoint,20260916,subj2,mean_abs_cos_w_d_s_test_subjects,0.0902172,73,
real_left_right_fist,subject_disjoint,20260916,subj2,abs_cos_w_d_global,0.458849,73,
real_left_right_fist,subject_disjoint,20260916,subj2,fraction_w_in_span_all_d_s,0.430312,73,
real_left_right_fist,subject_disjoint,20260916,subj2,fraction_w_in_span_train_d_s,0.380609,73,
real_left_right_fist,subject_disjoint,20260917,subj0,mean_abs_cos_w_d_s_train_subjects,0.13915,72,
real_left_right_fist,subject_disjoint,20260917,subj0,mean_abs_cos_w_d_s_test_subjects,0.0936033,72,
real_left_right_fist,subject_disjoint,20260917,subj0,abs_cos_w_d_global,0.453964,72,
real_left_right_fist,subject_disjoint,20260917,subj0,fraction_w_in_span_all_d_s,0.446055,72,
real_left_right_fist,subject_disjoint,20260917,subj0,fraction_w_in_span_train_d_s,0.404482,72,
real_left_right_fist,subject_disjoint,20260917,subj1,mean_abs_cos_w_d_s_train_subjects,0.151896,73,
real_left_right_fist,subject_disjoint,20260917,subj1,mean_abs_cos_w_d_s_test_subjects,0.0853396,73,
real_left_right_fist,subject_disjoint,20260917,subj1,abs_cos_w_d_global,0.466631,73,
real_left_right_fist,subject_disjoint,20260917,subj1,fraction_w_in_span_all_d_s,0.452685,73,
real_left_right_fist,subject_disjoint,20260917,subj1,fraction_w_in_span_train_d_s,0.390421,73,
real_left_right_fist,subject_disjoint,20260917,subj2,mean_abs_cos_w_d_s_train_subjects,0.151382,73,
real_left_right_fist,subject_disjoint,20260917,subj2,mean_abs_cos_w_d_s_test_subjects,0.0888497,73,
real_left_right_fist,subject_disjoint,20260917,subj2,abs_cos_w_d_global,0.478452,73,
real_left_right_fist,subject_disjoint,20260917,subj2,fraction_w_in_span_all_d_s,0.42714,73,
real_left_right_fist,subject_disjoint,20260917,subj2,fraction_w_in_span_train_d_s,0.39412,73,
real_left_right_fist,subject_disjoint,20260918,subj0,mean_abs_cos_w_d_s_train_subjects,0.142604,72,
real_left_right_fist,subject_disjoint,20260918,subj0,mean_abs_cos_w_d_s_test_subjects,0.0882332,72,
real_left_right_fist,subject_disjoint,20260918,subj0,abs_cos_w_d_global,0.452243,72,
real_left_right_fist,subject_disjoint,20260918,subj0,fraction_w_in_span_all_d_s,0.450311,72,
real_left_right_fist,subject_disjoint,20260918,subj0,fraction_w_in_span_train_d_s,0.391782,72,
real_left_right_fist,subject_disjoint,20260918,subj1,mean_abs_cos_w_d_s_train_subjects,0.148791,73,
real_left_right_fist,subject_disjoint,20260918,subj1,mean_abs_cos_w_d_s_test_subjects,0.0873477,73,
real_left_right_fist,subject_disjoint,20260918,subj1,abs_cos_w_d_global,0.467029,73,
real_left_right_fist,subject_disjoint,20260918,subj1,fraction_w_in_span_all_d_s,0.430647,73,
real_left_right_fist,subject_disjoint,20260918,subj1,fraction_w_in_span_train_d_s,0.399631,73,
real_left_right_fist,subject_disjoint,20260918,subj2,mean_abs_cos_w_d_s_train_subjects,0.151285,73,
real_left_right_fist,subject_disjoint,20260918,subj2,mean_abs_cos_w_d_s_test_subjects,0.082714,73,
real_left_right_fist,subject_disjoint,20260918,subj2,abs_cos_w_d_global,0.472782,73,
real_left_right_fist,subject_disjoint,20260918,subj2,fraction_w_in_span_all_d_s,0.462478,73,
real_left_right_fist,subject_disjoint,20260918,subj2,fraction_w_in_span_train_d_s,0.413781,73,
real_left_right_fist,subject_disjoint,20260919,subj0,mean_abs_cos_w_d_s_train_subjects,0.14115,72,
real_left_right_fist,subject_disjoint,20260919,subj0,mean_abs_cos_w_d_s_test_subjects,0.0869444,72,
real_left_right_fist,subject_disjoint,20260919,subj0,abs_cos_w_d_global,0.44699,72,
real_left_right_fist,subject_disjoint,20260919,subj0,fraction_w_in_span_all_d_s,0.442927,72,
real_left_right_fist,subject_disjoint,20260919,subj0,fraction_w_in_span_train_d_s,0.384586,72,
real_left_right_fist,subject_disjoint,20260919,subj1,mean_abs_cos_w_d_s_train_subjects,0.150168,73,
real_left_right_fist,subject_disjoint,20260919,subj1,mean_abs_cos_w_d_s_test_subjects,0.0836567,73,
real_left_right_fist,subject_disjoint,20260919,subj1,abs_cos_w_d_global,0.46906,73,
real_left_right_fist,subject_disjoint,20260919,subj1,fraction_w_in_span_all_d_s,0.434911,73,
real_left_right_fist,subject_disjoint,20260919,subj1,fraction_w_in_span_train_d_s,0.400159,73,
real_left_right_fist,subject_disjoint,20260919,subj2,mean_abs_cos_w_d_s_train_subjects,0.152952,73,
real_left_right_fist,subject_disjoint,20260919,subj2,mean_abs_cos_w_d_s_test_subjects,0.0845519,73,
real_left_right_fist,subject_disjoint,20260919,subj2,abs_cos_w_d_global,0.474811,73,
real_left_right_fist,subject_disjoint,20260919,subj2,fraction_w_in_span_all_d_s,0.466503,73,
real_left_right_fist,subject_disjoint,20260919,subj2,fraction_w_in_span_train_d_s,0.41474,73,
real_left_right_fist,subject_disjoint,20260920,subj0,mean_abs_cos_w_d_s_train_subjects,0.153568,72,
real_left_right_fist,subject_disjoint,20260920,subj0,mean_abs_cos_w_d_s_test_subjects,0.0786206,72,
real_left_right_fist,subject_disjoint,20260920,subj0,abs_cos_w_d_global,0.465136,72,
real_left_right_fist,subject_disjoint,20260920,subj0,fraction_w_in_span_all_d_s,0.455452,72,
real_left_right_fist,subject_disjoint,20260920,subj0,fraction_w_in_span_train_d_s,0.408847,72,
real_left_right_fist,subject_disjoint,20260920,subj1,mean_abs_cos_w_d_s_train_subjects,0.136278,73,
real_left_right_fist,subject_disjoint,20260920,subj1,mean_abs_cos_w_d_s_test_subjects,0.0943794,73,
real_left_right_fist,subject_disjoint,20260920,subj1,abs_cos_w_d_global,0.447873,73,
real_left_right_fist,subject_disjoint,20260920,subj1,fraction_w_in_span_all_d_s,0.430089,73,
real_left_right_fist,subject_disjoint,20260920,subj1,fraction_w_in_span_train_d_s,0.365076,73,
real_left_right_fist,subject_disjoint,20260920,subj2,mean_abs_cos_w_d_s_train_subjects,0.151381,73,
real_left_right_fist,subject_disjoint,20260920,subj2,mean_abs_cos_w_d_s_test_subjects,0.0873561,73,
real_left_right_fist,subject_disjoint,20260920,subj2,abs_cos_w_d_global,0.47837,73,
real_left_right_fist,subject_disjoint,20260920,subj2,fraction_w_in_span_all_d_s,0.454928,73,
real_left_right_fist,subject_disjoint,20260920,subj2,fraction_w_in_span_train_d_s,0.406438,73,
imagery_fists_feet,descriptive,,,mean_pairwise_abs_cos_d_s,0.101255,11772,mean |cos| between subject-specific class-separation directions (off-diagonal pairs)
imagery_fists_feet,descriptive,,,mean_abs_cos_d_s_d_global,0.249526,109,mean |cos| between each subject's direction and the global class direction
imagery_fists_feet,descriptive,,,random_direction_fraction_in_span,0.0524038,109,expected ||proj||^2/||w||^2 of a random direction (k/D)
imagery_fists_feet,trial_random,20260916,trial0,mean_abs_cos_w_d_s_train_subjects,0.0867818,109,
imagery_fists_feet,trial_random,20260916,trial0,mean_abs_cos_w_d_s_test_subjects,0.0867818,109,
imagery_fists_feet,trial_random,20260916,trial0,abs_cos_w_d_global,0.331745,109,
imagery_fists_feet,trial_random,20260916,trial0,fraction_w_in_span_all_d_s,0.288136,109,
imagery_fists_feet,trial_random,20260916,trial0,fraction_w_in_span_train_d_s,0.288136,109,
imagery_fists_feet,trial_random,20260916,trial1,mean_abs_cos_w_d_s_train_subjects,0.0867974,109,
imagery_fists_feet,trial_random,20260916,trial1,mean_abs_cos_w_d_s_test_subjects,0.0867974,109,
imagery_fists_feet,trial_random,20260916,trial1,abs_cos_w_d_global,0.331703,109,
imagery_fists_feet,trial_random,20260916,trial1,fraction_w_in_span_all_d_s,0.307836,109,
imagery_fists_feet,trial_random,20260916,trial1,fraction_w_in_span_train_d_s,0.307836,109,
imagery_fists_feet,trial_random,20260916,trial2,mean_abs_cos_w_d_s_train_subjects,0.0880317,109,
imagery_fists_feet,trial_random,20260916,trial2,mean_abs_cos_w_d_s_test_subjects,0.0880317,109,
imagery_fists_feet,trial_random,20260916,trial2,abs_cos_w_d_global,0.337066,109,
imagery_fists_feet,trial_random,20260916,trial2,fraction_w_in_span_all_d_s,0.295159,109,
imagery_fists_feet,trial_random,20260916,trial2,fraction_w_in_span_train_d_s,0.295159,109,
imagery_fists_feet,trial_random,20260917,trial0,mean_abs_cos_w_d_s_train_subjects,0.0855638,109,
imagery_fists_feet,trial_random,20260917,trial0,mean_abs_cos_w_d_s_test_subjects,0.0855638,109,
imagery_fists_feet,trial_random,20260917,trial0,abs_cos_w_d_global,0.328595,109,
imagery_fists_feet,trial_random,20260917,trial0,fraction_w_in_span_all_d_s,0.28049,109,
imagery_fists_feet,trial_random,20260917,trial0,fraction_w_in_span_train_d_s,0.28049,109,
imagery_fists_feet,trial_random,20260917,trial1,mean_abs_cos_w_d_s_train_subjects,0.0898124,109,
imagery_fists_feet,trial_random,20260917,trial1,mean_abs_cos_w_d_s_test_subjects,0.0898124,109,
imagery_fists_feet,trial_random,20260917,trial1,abs_cos_w_d_global,0.342863,109,
imagery_fists_feet,trial_random,20260917,trial1,fraction_w_in_span_all_d_s,0.302736,109,
imagery_fists_feet,trial_random,20260917,trial1,fraction_w_in_span_train_d_s,0.302736,109,
imagery_fists_feet,trial_random,20260917,trial2,mean_abs_cos_w_d_s_train_subjects,0.0856389,109,
imagery_fists_feet,trial_random,20260917,trial2,mean_abs_cos_w_d_s_test_subjects,0.0856389,109,
imagery_fists_feet,trial_random,20260917,trial2,abs_cos_w_d_global,0.325454,109,
imagery_fists_feet,trial_random,20260917,trial2,fraction_w_in_span_all_d_s,0.294295,109,
imagery_fists_feet,trial_random,20260917,trial2,fraction_w_in_span_train_d_s,0.294295,109,
imagery_fists_feet,trial_random,20260918,trial0,mean_abs_cos_w_d_s_train_subjects,0.088328,109,
imagery_fists_feet,trial_random,20260918,trial0,mean_abs_cos_w_d_s_test_subjects,0.088328,109,
imagery_fists_feet,trial_random,20260918,trial0,abs_cos_w_d_global,0.336839,109,
imagery_fists_feet,trial_random,20260918,trial0,fraction_w_in_span_all_d_s,0.299139,109,
imagery_fists_feet,trial_random,20260918,trial0,fraction_w_in_span_train_d_s,0.299139,109,
imagery_fists_feet,trial_random,20260918,trial1,mean_abs_cos_w_d_s_train_subjects,0.087786,109,
imagery_fists_feet,trial_random,20260918,trial1,mean_abs_cos_w_d_s_test_subjects,0.087786,109,
imagery_fists_feet,trial_random,20260918,trial1,abs_cos_w_d_global,0.335324,109,
imagery_fists_feet,trial_random,20260918,trial1,fraction_w_in_span_all_d_s,0.293297,109,
imagery_fists_feet,trial_random,20260918,trial1,fraction_w_in_span_train_d_s,0.293297,109,
imagery_fists_feet,trial_random,20260918,trial2,mean_abs_cos_w_d_s_train_subjects,0.0857308,109,
imagery_fists_feet,trial_random,20260918,trial2,mean_abs_cos_w_d_s_test_subjects,0.0857308,109,
imagery_fists_feet,trial_random,20260918,trial2,abs_cos_w_d_global,0.328355,109,
imagery_fists_feet,trial_random,20260918,trial2,fraction_w_in_span_all_d_s,0.282327,109,
imagery_fists_feet,trial_random,20260918,trial2,fraction_w_in_span_train_d_s,0.282327,109,
imagery_fists_feet,trial_random,20260919,trial0,mean_abs_cos_w_d_s_train_subjects,0.0868664,109,
imagery_fists_feet,trial_random,20260919,trial0,mean_abs_cos_w_d_s_test_subjects,0.0868664,109,
imagery_fists_feet,trial_random,20260919,trial0,abs_cos_w_d_global,0.331013,109,
imagery_fists_feet,trial_random,20260919,trial0,fraction_w_in_span_all_d_s,0.29751,109,
imagery_fists_feet,trial_random,20260919,trial0,fraction_w_in_span_train_d_s,0.29751,109,
imagery_fists_feet,trial_random,20260919,trial1,mean_abs_cos_w_d_s_train_subjects,0.087176,109,
imagery_fists_feet,trial_random,20260919,trial1,mean_abs_cos_w_d_s_test_subjects,0.087176,109,
imagery_fists_feet,trial_random,20260919,trial1,abs_cos_w_d_global,0.333344,109,
imagery_fists_feet,trial_random,20260919,trial1,fraction_w_in_span_all_d_s,0.288921,109,
imagery_fists_feet,trial_random,20260919,trial1,fraction_w_in_span_train_d_s,0.288921,109,
imagery_fists_feet,trial_random,20260919,trial2,mean_abs_cos_w_d_s_train_subjects,0.0859862,109,
imagery_fists_feet,trial_random,20260919,trial2,mean_abs_cos_w_d_s_test_subjects,0.0859862,109,
imagery_fists_feet,trial_random,20260919,trial2,abs_cos_w_d_global,0.329078,109,
imagery_fists_feet,trial_random,20260919,trial2,fraction_w_in_span_all_d_s,0.2848,109,
imagery_fists_feet,trial_random,20260919,trial2,fraction_w_in_span_train_d_s,0.2848,109,
imagery_fists_feet,trial_random,20260920,trial0,mean_abs_cos_w_d_s_train_subjects,0.0873492,109,
imagery_fists_feet,trial_random,20260920,trial0,mean_abs_cos_w_d_s_test_subjects,0.0873492,109,
imagery_fists_feet,trial_random,20260920,trial0,abs_cos_w_d_global,0.333466,109,
imagery_fists_feet,trial_random,20260920,trial0,fraction_w_in_span_all_d_s,0.304568,109,
imagery_fists_feet,trial_random,20260920,trial0,fraction_w_in_span_train_d_s,0.304568,109,
imagery_fists_feet,trial_random,20260920,trial1,mean_abs_cos_w_d_s_train_subjects,0.0875102,109,
imagery_fists_feet,trial_random,20260920,trial1,mean_abs_cos_w_d_s_test_subjects,0.0875102,109,
imagery_fists_feet,trial_random,20260920,trial1,abs_cos_w_d_global,0.333582,109,
imagery_fists_feet,trial_random,20260920,trial1,fraction_w_in_span_all_d_s,0.295062,109,
imagery_fists_feet,trial_random,20260920,trial1,fraction_w_in_span_train_d_s,0.295062,109,
imagery_fists_feet,trial_random,20260920,trial2,mean_abs_cos_w_d_s_train_subjects,0.086633,109,
imagery_fists_feet,trial_random,20260920,trial2,mean_abs_cos_w_d_s_test_subjects,0.086633,109,
imagery_fists_feet,trial_random,20260920,trial2,abs_cos_w_d_global,0.334258,109,
imagery_fists_feet,trial_random,20260920,trial2,fraction_w_in_span_all_d_s,0.28589,109,
imagery_fists_feet,trial_random,20260920,trial2,fraction_w_in_span_train_d_s,0.28589,109,
imagery_fists_feet,subject_disjoint,20260916,subj0,mean_abs_cos_w_d_s_train_subjects,0.108903,72,
imagery_fists_feet,subject_disjoint,20260916,subj0,mean_abs_cos_w_d_s_test_subjects,0.049294,72,
imagery_fists_feet,subject_disjoint,20260916,subj0,abs_cos_w_d_global,0.343073,72,
imagery_fists_feet,subject_disjoint,20260916,subj0,fraction_w_in_span_all_d_s,0.428579,72,
imagery_fists_feet,subject_disjoint,20260916,subj0,fraction_w_in_span_train_d_s,0.381867,72,
imagery_fists_feet,subject_disjoint,20260916,subj1,mean_abs_cos_w_d_s_train_subjects,0.111478,73,
imagery_fists_feet,subject_disjoint,20260916,subj1,mean_abs_cos_w_d_s_test_subjects,0.0499745,73,
imagery_fists_feet,subject_disjoint,20260916,subj1,abs_cos_w_d_global,0.346823,73,
imagery_fists_feet,subject_disjoint,20260916,subj1,fraction_w_in_span_all_d_s,0.461162,73,
imagery_fists_feet,subject_disjoint,20260916,subj1,fraction_w_in_span_train_d_s,0.421743,73,
imagery_fists_feet,subject_disjoint,20260916,subj2,mean_abs_cos_w_d_s_train_subjects,0.112602,73,
imagery_fists_feet,subject_disjoint,20260916,subj2,mean_abs_cos_w_d_s_test_subjects,0.0475847,73,
imagery_fists_feet,subject_disjoint,20260916,subj2,abs_cos_w_d_global,0.335414,73,
imagery_fists_feet,subject_disjoint,20260916,subj2,fraction_w_in_span_all_d_s,0.431846,73,
imagery_fists_feet,subject_disjoint,20260916,subj2,fraction_w_in_span_train_d_s,0.367688,73,
imagery_fists_feet,subject_disjoint,20260917,subj0,mean_abs_cos_w_d_s_train_subjects,0.106617,72,
imagery_fists_feet,subject_disjoint,20260917,subj0,mean_abs_cos_w_d_s_test_subjects,0.0473421,72,
imagery_fists_feet,subject_disjoint,20260917,subj0,abs_cos_w_d_global,0.32387,72,
imagery_fists_feet,subject_disjoint,20260917,subj0,fraction_w_in_span_all_d_s,0.441604,72,
imagery_fists_feet,subject_disjoint,20260917,subj0,fraction_w_in_span_train_d_s,0.37939,72,
imagery_fists_feet,subject_disjoint,20260917,subj1,mean_abs_cos_w_d_s_train_subjects,0.111455,73,
imagery_fists_feet,subject_disjoint,20260917,subj1,mean_abs_cos_w_d_s_test_subjects,0.049806,73,
imagery_fists_feet,subject_disjoint,20260917,subj1,abs_cos_w_d_global,0.34022,73,
imagery_fists_feet,subject_disjoint,20260917,subj1,fraction_w_in_span_all_d_s,0.459312,73,
imagery_fists_feet,subject_disjoint,20260917,subj1,fraction_w_in_span_train_d_s,0.413419,73,
imagery_fists_feet,subject_disjoint,20260917,subj2,mean_abs_cos_w_d_s_train_subjects,0.115635,73,
imagery_fists_feet,subject_disjoint,20260917,subj2,mean_abs_cos_w_d_s_test_subjects,0.0482542,73,
imagery_fists_feet,subject_disjoint,20260917,subj2,abs_cos_w_d_global,0.35867,73,
imagery_fists_feet,subject_disjoint,20260917,subj2,fraction_w_in_span_all_d_s,0.424252,73,
imagery_fists_feet,subject_disjoint,20260917,subj2,fraction_w_in_span_train_d_s,0.376143,73,
imagery_fists_feet,subject_disjoint,20260918,subj0,mean_abs_cos_w_d_s_train_subjects,0.10891,72,
imagery_fists_feet,subject_disjoint,20260918,subj0,mean_abs_cos_w_d_s_test_subjects,0.0512409,72,
imagery_fists_feet,subject_disjoint,20260918,subj0,abs_cos_w_d_global,0.337424,72,
imagery_fists_feet,subject_disjoint,20260918,subj0,fraction_w_in_span_all_d_s,0.443852,72,
imagery_fists_feet,subject_disjoint,20260918,subj0,fraction_w_in_span_train_d_s,0.39201,72,
imagery_fists_feet,subject_disjoint,20260918,subj1,mean_abs_cos_w_d_s_train_subjects,0.111631,73,
imagery_fists_feet,subject_disjoint,20260918,subj1,mean_abs_cos_w_d_s_test_subjects,0.0506783,73,
imagery_fists_feet,subject_disjoint,20260918,subj1,abs_cos_w_d_global,0.342318,73,
imagery_fists_feet,subject_disjoint,20260918,subj1,fraction_w_in_span_all_d_s,0.446021,73,
imagery_fists_feet,subject_disjoint,20260918,subj1,fraction_w_in_span_train_d_s,0.396668,73,
imagery_fists_feet,subject_disjoint,20260918,subj2,mean_abs_cos_w_d_s_train_subjects,0.115329,73,
imagery_fists_feet,subject_disjoint,20260918,subj2,mean_abs_cos_w_d_s_test_subjects,0.0426962,73,
imagery_fists_feet,subject_disjoint,20260918,subj2,abs_cos_w_d_global,0.346706,73,
imagery_fists_feet,subject_disjoint,20260918,subj2,fraction_w_in_span_all_d_s,0.430659,73,
imagery_fists_feet,subject_disjoint,20260918,subj2,fraction_w_in_span_train_d_s,0.386376,73,
imagery_fists_feet,subject_disjoint,20260919,subj0,mean_abs_cos_w_d_s_train_subjects,0.111569,72,
imagery_fists_feet,subject_disjoint,20260919,subj0,mean_abs_cos_w_d_s_test_subjects,0.0471685,72,
imagery_fists_feet,subject_disjoint,20260919,subj0,abs_cos_w_d_global,0.342271,72,
imagery_fists_feet,subject_disjoint,20260919,subj0,fraction_w_in_span_all_d_s,0.430092,72,
imagery_fists_feet,subject_disjoint,20260919,subj0,fraction_w_in_span_train_d_s,0.373212,72,
imagery_fists_feet,subject_disjoint,20260919,subj1,mean_abs_cos_w_d_s_train_subjects,0.11461,73,
imagery_fists_feet,subject_disjoint,20260919,subj1,mean_abs_cos_w_d_s_test_subjects,0.0517843,73,
imagery_fists_feet,subject_disjoint,20260919,subj1,abs_cos_w_d_global,0.353204,73,
imagery_fists_feet,subject_disjoint,20260919,subj1,fraction_w_in_span_all_d_s,0.465908,73,
imagery_fists_feet,subject_disjoint,20260919,subj1,fraction_w_in_span_train_d_s,0.422986,73,
imagery_fists_feet,subject_disjoint,20260919,subj2,mean_abs_cos_w_d_s_train_subjects,0.110146,73,
imagery_fists_feet,subject_disjoint,20260919,subj2,mean_abs_cos_w_d_s_test_subjects,0.0459567,73,
imagery_fists_feet,subject_disjoint,20260919,subj2,abs_cos_w_d_global,0.3366,73,
imagery_fists_feet,subject_disjoint,20260919,subj2,fraction_w_in_span_all_d_s,0.442301,73,
imagery_fists_feet,subject_disjoint,20260919,subj2,fraction_w_in_span_train_d_s,0.395967,73,
imagery_fists_feet,subject_disjoint,20260920,subj0,mean_abs_cos_w_d_s_train_subjects,0.109524,72,
imagery_fists_feet,subject_disjoint,20260920,subj0,mean_abs_cos_w_d_s_test_subjects,0.0523816,72,
imagery_fists_feet,subject_disjoint,20260920,subj0,abs_cos_w_d_global,0.341596,72,
imagery_fists_feet,subject_disjoint,20260920,subj0,fraction_w_in_span_all_d_s,0.421923,72,
imagery_fists_feet,subject_disjoint,20260920,subj0,fraction_w_in_span_train_d_s,0.374987,72,
imagery_fists_feet,subject_disjoint,20260920,subj1,mean_abs_cos_w_d_s_train_subjects,0.112475,73,
imagery_fists_feet,subject_disjoint,20260920,subj1,mean_abs_cos_w_d_s_test_subjects,0.05038,73,
imagery_fists_feet,subject_disjoint,20260920,subj1,abs_cos_w_d_global,0.353548,73,
imagery_fists_feet,subject_disjoint,20260920,subj1,fraction_w_in_span_all_d_s,0.426925,73,
imagery_fists_feet,subject_disjoint,20260920,subj1,fraction_w_in_span_train_d_s,0.370109,73,
imagery_fists_feet,subject_disjoint,20260920,subj2,mean_abs_cos_w_d_s_train_subjects,0.111839,73,
imagery_fists_feet,subject_disjoint,20260920,subj2,mean_abs_cos_w_d_s_test_subjects,0.0417025,73,
imagery_fists_feet,subject_disjoint,20260920,subj2,abs_cos_w_d_global,0.332817,73,
imagery_fists_feet,subject_disjoint,20260920,subj2,fraction_w_in_span_all_d_s,0.455262,73,
imagery_fists_feet,subject_disjoint,20260920,subj2,fraction_w_in_span_train_d_s,0.391714,73,
real_fists_feet,descriptive,,,mean_pairwise_abs_cos_d_s,0.122814,11772,mean |cos| between subject-specific class-separation directions (off-diagonal pairs)
real_fists_feet,descriptive,,,mean_abs_cos_d_s_d_global,0.270543,109,mean |cos| between each subject's direction and the global class direction
real_fists_feet,descriptive,,,random_direction_fraction_in_span,0.0524038,109,expected ||proj||^2/||w||^2 of a random direction (k/D)
real_fists_feet,trial_random,20260916,trial0,mean_abs_cos_w_d_s_train_subjects,0.111901,109,
real_fists_feet,trial_random,20260916,trial0,mean_abs_cos_w_d_s_test_subjects,0.111901,109,
real_fists_feet,trial_random,20260916,trial0,abs_cos_w_d_global,0.395994,109,
real_fists_feet,trial_random,20260916,trial0,fraction_w_in_span_all_d_s,0.342828,109,
real_fists_feet,trial_random,20260916,trial0,fraction_w_in_span_train_d_s,0.342828,109,
real_fists_feet,trial_random,20260916,trial1,mean_abs_cos_w_d_s_train_subjects,0.115561,109,
real_fists_feet,trial_random,20260916,trial1,mean_abs_cos_w_d_s_test_subjects,0.115561,109,
real_fists_feet,trial_random,20260916,trial1,abs_cos_w_d_global,0.413738,109,
real_fists_feet,trial_random,20260916,trial1,fraction_w_in_span_all_d_s,0.359451,109,
real_fists_feet,trial_random,20260916,trial1,fraction_w_in_span_train_d_s,0.359451,109,
real_fists_feet,trial_random,20260916,trial2,mean_abs_cos_w_d_s_train_subjects,0.115981,109,
real_fists_feet,trial_random,20260916,trial2,mean_abs_cos_w_d_s_test_subjects,0.115981,109,
real_fists_feet,trial_random,20260916,trial2,abs_cos_w_d_global,0.41265,109,
real_fists_feet,trial_random,20260916,trial2,fraction_w_in_span_all_d_s,0.352112,109,
real_fists_feet,trial_random,20260916,trial2,fraction_w_in_span_train_d_s,0.352112,109,
real_fists_feet,trial_random,20260917,trial0,mean_abs_cos_w_d_s_train_subjects,0.114072,109,
real_fists_feet,trial_random,20260917,trial0,mean_abs_cos_w_d_s_test_subjects,0.114072,109,
real_fists_feet,trial_random,20260917,trial0,abs_cos_w_d_global,0.405332,109,
real_fists_feet,trial_random,20260917,trial0,fraction_w_in_span_all_d_s,0.343566,109,
real_fists_feet,trial_random,20260917,trial0,fraction_w_in_span_train_d_s,0.343566,109,
real_fists_feet,trial_random,20260917,trial1,mean_abs_cos_w_d_s_train_subjects,0.118379,109,
real_fists_feet,trial_random,20260917,trial1,mean_abs_cos_w_d_s_test_subjects,0.118379,109,
real_fists_feet,trial_random,20260917,trial1,abs_cos_w_d_global,0.421652,109,
real_fists_feet,trial_random,20260917,trial1,fraction_w_in_span_all_d_s,0.365747,109,
real_fists_feet,trial_random,20260917,trial1,fraction_w_in_span_train_d_s,0.365747,109,
real_fists_feet,trial_random,20260917,trial2,mean_abs_cos_w_d_s_train_subjects,0.112706,109,
real_fists_feet,trial_random,20260917,trial2,mean_abs_cos_w_d_s_test_subjects,0.112706,109,
real_fists_feet,trial_random,20260917,trial2,abs_cos_w_d_global,0.402799,109,
real_fists_feet,trial_random,20260917,trial2,fraction_w_in_span_all_d_s,0.329729,109,
real_fists_feet,trial_random,20260917,trial2,fraction_w_in_span_train_d_s,0.329729,109,
real_fists_feet,trial_random,20260918,trial0,mean_abs_cos_w_d_s_train_subjects,0.11515,109,
real_fists_feet,trial_random,20260918,trial0,mean_abs_cos_w_d_s_test_subjects,0.11515,109,
real_fists_feet,trial_random,20260918,trial0,abs_cos_w_d_global,0.40881,109,
real_fists_feet,trial_random,20260918,trial0,fraction_w_in_span_all_d_s,0.343548,109,
real_fists_feet,trial_random,20260918,trial0,fraction_w_in_span_train_d_s,0.343548,109,
real_fists_feet,trial_random,20260918,trial1,mean_abs_cos_w_d_s_train_subjects,0.1151,109,
real_fists_feet,trial_random,20260918,trial1,mean_abs_cos_w_d_s_test_subjects,0.1151,109,
real_fists_feet,trial_random,20260918,trial1,abs_cos_w_d_global,0.407986,109,
real_fists_feet,trial_random,20260918,trial1,fraction_w_in_span_all_d_s,0.350279,109,
real_fists_feet,trial_random,20260918,trial1,fraction_w_in_span_train_d_s,0.350279,109,
real_fists_feet,trial_random,20260918,trial2,mean_abs_cos_w_d_s_train_subjects,0.113777,109,
real_fists_feet,trial_random,20260918,trial2,mean_abs_cos_w_d_s_test_subjects,0.113777,109,
real_fists_feet,trial_random,20260918,trial2,abs_cos_w_d_global,0.406489,109,
real_fists_feet,trial_random,20260918,trial2,fraction_w_in_span_all_d_s,0.359001,109,
real_fists_feet,trial_random,20260918,trial2,fraction_w_in_span_train_d_s,0.359001,109,
real_fists_feet,trial_random,20260919,trial0,mean_abs_cos_w_d_s_train_subjects,0.11449,109,
real_fists_feet,trial_random,20260919,trial0,mean_abs_cos_w_d_s_test_subjects,0.11449,109,
real_fists_feet,trial_random,20260919,trial0,abs_cos_w_d_global,0.406251,109,
real_fists_feet,trial_random,20260919,trial0,fraction_w_in_span_all_d_s,0.351518,109,
real_fists_feet,trial_random,20260919,trial0,fraction_w_in_span_train_d_s,0.351518,109,
real_fists_feet,trial_random,20260919,trial1,mean_abs_cos_w_d_s_train_subjects,0.115761,109,
real_fists_feet,trial_random,20260919,trial1,mean_abs_cos_w_d_s_test_subjects,0.115761,109,
real_fists_feet,trial_random,20260919,trial1,abs_cos_w_d_global,0.412667,109,
real_fists_feet,trial_random,20260919,trial1,fraction_w_in_span_all_d_s,0.344079,109,
real_fists_feet,trial_random,20260919,trial1,fraction_w_in_span_train_d_s,0.344079,109,
real_fists_feet,trial_random,20260919,trial2,mean_abs_cos_w_d_s_train_subjects,0.113857,109,
real_fists_feet,trial_random,20260919,trial2,mean_abs_cos_w_d_s_test_subjects,0.113857,109,
real_fists_feet,trial_random,20260919,trial2,abs_cos_w_d_global,0.406735,109,
real_fists_feet,trial_random,20260919,trial2,fraction_w_in_span_all_d_s,0.3501,109,
real_fists_feet,trial_random,20260919,trial2,fraction_w_in_span_train_d_s,0.3501,109,
real_fists_feet,trial_random,20260920,trial0,mean_abs_cos_w_d_s_train_subjects,0.115886,109,
real_fists_feet,trial_random,20260920,trial0,mean_abs_cos_w_d_s_test_subjects,0.115886,109,
real_fists_feet,trial_random,20260920,trial0,abs_cos_w_d_global,0.410358,109,
real_fists_feet,trial_random,20260920,trial0,fraction_w_in_span_all_d_s,0.353968,109,
real_fists_feet,trial_random,20260920,trial0,fraction_w_in_span_train_d_s,0.353968,109,
real_fists_feet,trial_random,20260920,trial1,mean_abs_cos_w_d_s_train_subjects,0.112467,109,
real_fists_feet,trial_random,20260920,trial1,mean_abs_cos_w_d_s_test_subjects,0.112467,109,
real_fists_feet,trial_random,20260920,trial1,abs_cos_w_d_global,0.401228,109,
real_fists_feet,trial_random,20260920,trial1,fraction_w_in_span_all_d_s,0.34238,109,
real_fists_feet,trial_random,20260920,trial1,fraction_w_in_span_train_d_s,0.34238,109,
real_fists_feet,trial_random,20260920,trial2,mean_abs_cos_w_d_s_train_subjects,0.116376,109,
real_fists_feet,trial_random,20260920,trial2,mean_abs_cos_w_d_s_test_subjects,0.116376,109,
real_fists_feet,trial_random,20260920,trial2,abs_cos_w_d_global,0.415179,109,
real_fists_feet,trial_random,20260920,trial2,fraction_w_in_span_all_d_s,0.359064,109,
real_fists_feet,trial_random,20260920,trial2,fraction_w_in_span_train_d_s,0.359064,109,
real_fists_feet,subject_disjoint,20260916,subj0,mean_abs_cos_w_d_s_train_subjects,0.137876,72,
real_fists_feet,subject_disjoint,20260916,subj0,mean_abs_cos_w_d_s_test_subjects,0.0786471,72,
real_fists_feet,subject_disjoint,20260916,subj0,abs_cos_w_d_global,0.410942,72,
real_fists_feet,subject_disjoint,20260916,subj0,fraction_w_in_span_all_d_s,0.429719,72,
real_fists_feet,subject_disjoint,20260916,subj0,fraction_w_in_span_train_d_s,0.379369,72,
real_fists_feet,subject_disjoint,20260916,subj1,mean_abs_cos_w_d_s_train_subjects,0.133986,73,
real_fists_feet,subject_disjoint,20260916,subj1,mean_abs_cos_w_d_s_test_subjects,0.0756324,73,
real_fists_feet,subject_disjoint,20260916,subj1,abs_cos_w_d_global,0.412578,73,
real_fists_feet,subject_disjoint,20260916,subj1,fraction_w_in_span_all_d_s,0.469625,73,
real_fists_feet,subject_disjoint,20260916,subj1,fraction_w_in_span_train_d_s,0.435506,73,
real_fists_feet,subject_disjoint,20260916,subj2,mean_abs_cos_w_d_s_train_subjects,0.133153,73,
real_fists_feet,subject_disjoint,20260916,subj2,mean_abs_cos_w_d_s_test_subjects,0.0913045,73,
real_fists_feet,subject_disjoint,20260916,subj2,abs_cos_w_d_global,0.420755,73,
real_fists_feet,subject_disjoint,20260916,subj2,fraction_w_in_span_all_d_s,0.497592,73,
real_fists_feet,subject_disjoint,20260916,subj2,fraction_w_in_span_train_d_s,0.45666,73,
real_fists_feet,subject_disjoint,20260917,subj0,mean_abs_cos_w_d_s_train_subjects,0.129259,72,
real_fists_feet,subject_disjoint,20260917,subj0,mean_abs_cos_w_d_s_test_subjects,0.0826201,72,
real_fists_feet,subject_disjoint,20260917,subj0,abs_cos_w_d_global,0.406249,72,
real_fists_feet,subject_disjoint,20260917,subj0,fraction_w_in_span_all_d_s,0.458159,72,
real_fists_feet,subject_disjoint,20260917,subj0,fraction_w_in_span_train_d_s,0.437728,72,
real_fists_feet,subject_disjoint,20260917,subj1,mean_abs_cos_w_d_s_train_subjects,0.13322,73,
real_fists_feet,subject_disjoint,20260917,subj1,mean_abs_cos_w_d_s_test_subjects,0.0887044,73,
real_fists_feet,subject_disjoint,20260917,subj1,abs_cos_w_d_global,0.418682,73,
real_fists_feet,subject_disjoint,20260917,subj1,fraction_w_in_span_all_d_s,0.503806,73,
real_fists_feet,subject_disjoint,20260917,subj1,fraction_w_in_span_train_d_s,0.451985,73,
real_fists_feet,subject_disjoint,20260917,subj2,mean_abs_cos_w_d_s_train_subjects,0.145898,73,
real_fists_feet,subject_disjoint,20260917,subj2,mean_abs_cos_w_d_s_test_subjects,0.0749655,73,
real_fists_feet,subject_disjoint,20260917,subj2,abs_cos_w_d_global,0.432345,73,
real_fists_feet,subject_disjoint,20260917,subj2,fraction_w_in_span_all_d_s,0.444476,73,
real_fists_feet,subject_disjoint,20260917,subj2,fraction_w_in_span_train_d_s,0.397413,73,
real_fists_feet,subject_disjoint,20260918,subj0,mean_abs_cos_w_d_s_train_subjects,0.127149,72,
real_fists_feet,subject_disjoint,20260918,subj0,mean_abs_cos_w_d_s_test_subjects,0.0870944,72,
real_fists_feet,subject_disjoint,20260918,subj0,abs_cos_w_d_global,0.401234,72,
real_fists_feet,subject_disjoint,20260918,subj0,fraction_w_in_span_all_d_s,0.495922,72,
real_fists_feet,subject_disjoint,20260918,subj0,fraction_w_in_span_train_d_s,0.446222,72,
real_fists_feet,subject_disjoint,20260918,subj1,mean_abs_cos_w_d_s_train_subjects,0.137971,73,
real_fists_feet,subject_disjoint,20260918,subj1,mean_abs_cos_w_d_s_test_subjects,0.0876643,73,
real_fists_feet,subject_disjoint,20260918,subj1,abs_cos_w_d_global,0.438257,73,
real_fists_feet,subject_disjoint,20260918,subj1,fraction_w_in_span_all_d_s,0.483331,73,
real_fists_feet,subject_disjoint,20260918,subj1,fraction_w_in_span_train_d_s,0.449128,73,
real_fists_feet,subject_disjoint,20260918,subj2,mean_abs_cos_w_d_s_train_subjects,0.144008,73,
real_fists_feet,subject_disjoint,20260918,subj2,mean_abs_cos_w_d_s_test_subjects,0.0744686,73,
real_fists_feet,subject_disjoint,20260918,subj2,abs_cos_w_d_global,0.418648,73,
real_fists_feet,subject_disjoint,20260918,subj2,fraction_w_in_span_all_d_s,0.434672,73,
real_fists_feet,subject_disjoint,20260918,subj2,fraction_w_in_span_train_d_s,0.389475,73,
real_fists_feet,subject_disjoint,20260919,subj0,mean_abs_cos_w_d_s_train_subjects,0.127669,72,
real_fists_feet,subject_disjoint,20260919,subj0,mean_abs_cos_w_d_s_test_subjects,0.0927324,72,
real_fists_feet,subject_disjoint,20260919,subj0,abs_cos_w_d_global,0.409513,72,
real_fists_feet,subject_disjoint,20260919,subj0,fraction_w_in_span_all_d_s,0.462912,72,
real_fists_feet,subject_disjoint,20260919,subj0,fraction_w_in_span_train_d_s,0.427039,72,
real_fists_feet,subject_disjoint,20260919,subj1,mean_abs_cos_w_d_s_train_subjects,0.137156,73,
real_fists_feet,subject_disjoint,20260919,subj1,mean_abs_cos_w_d_s_test_subjects,0.0845786,73,
real_fists_feet,subject_disjoint,20260919,subj1,abs_cos_w_d_global,0.424088,73,
real_fists_feet,subject_disjoint,20260919,subj1,fraction_w_in_span_all_d_s,0.459885,73,
real_fists_feet,subject_disjoint,20260919,subj1,fraction_w_in_span_train_d_s,0.423488,73,
real_fists_feet,subject_disjoint,20260919,subj2,mean_abs_cos_w_d_s_train_subjects,0.139461,73,
real_fists_feet,subject_disjoint,20260919,subj2,mean_abs_cos_w_d_s_test_subjects,0.0695732,73,
real_fists_feet,subject_disjoint,20260919,subj2,abs_cos_w_d_global,0.412627,73,
real_fists_feet,subject_disjoint,20260919,subj2,fraction_w_in_span_all_d_s,0.463662,73,
real_fists_feet,subject_disjoint,20260919,subj2,fraction_w_in_span_train_d_s,0.412788,73,
real_fists_feet,subject_disjoint,20260920,subj0,mean_abs_cos_w_d_s_train_subjects,0.141089,72,
real_fists_feet,subject_disjoint,20260920,subj0,mean_abs_cos_w_d_s_test_subjects,0.0833939,72,
real_fists_feet,subject_disjoint,20260920,subj0,abs_cos_w_d_global,0.424621,72,
real_fists_feet,subject_disjoint,20260920,subj0,fraction_w_in_span_all_d_s,0.466431,72,
real_fists_feet,subject_disjoint,20260920,subj0,fraction_w_in_span_train_d_s,0.426352,72,
real_fists_feet,subject_disjoint,20260920,subj1,mean_abs_cos_w_d_s_train_subjects,0.132268,73,
real_fists_feet,subject_disjoint,20260920,subj1,mean_abs_cos_w_d_s_test_subjects,0.090106,73,
real_fists_feet,subject_disjoint,20260920,subj1,abs_cos_w_d_global,0.422684,73,
real_fists_feet,subject_disjoint,20260920,subj1,fraction_w_in_span_all_d_s,0.457227,73,
real_fists_feet,subject_disjoint,20260920,subj1,fraction_w_in_span_train_d_s,0.412737,73,
real_fists_feet,subject_disjoint,20260920,subj2,mean_abs_cos_w_d_s_train_subjects,0.135167,73,
real_fists_feet,subject_disjoint,20260920,subj2,mean_abs_cos_w_d_s_test_subjects,0.0750863,73,
real_fists_feet,subject_disjoint,20260920,subj2,abs_cos_w_d_global,0.409132,73,
real_fists_feet,subject_disjoint,20260920,subj2,fraction_w_in_span_all_d_s,0.487131,73,
real_fists_feet,subject_disjoint,20260920,subj2,fraction_w_in_span_train_d_s,0.443415,73,
