task,model,width,preproc,protocol,seed,fold,n_train,n_test,n_fit,n_val,train_acc,val_acc,test_acc,best_epoch,epochs_run,n_params
imagery_left_right_fist,eegnet_v4,default,ztrial,trial_random,20260916,trial0,3265,1633,2775,490,0.866769,0.828571,0.804654,24,30,2770
imagery_left_right_fist,eegnet_v4,default,ztrial,trial_random,20260916,trial1,3265,1633,2775,490,0.862787,0.820408,0.807103,22,28,2770
imagery_left_right_fist,eegnet_v4,default,ztrial,trial_random,20260916,trial2,3266,1632,2776,490,0.843233,0.8,0.780025,29,35,2770
imagery_left_right_fist,eegnet_v4,default,ztrial,trial_random,20260917,trial0,3265,1633,2775,490,0.884533,0.832653,0.825475,27,33,2770
imagery_left_right_fist,eegnet_v4,default,ztrial,trial_random,20260917,trial1,3265,1633,2775,490,0.861562,0.810204,0.802817,21,27,2770
imagery_left_right_fist,eegnet_v4,default,ztrial,trial_random,20260917,trial2,3266,1632,2776,490,0.871709,0.842857,0.797794,23,29,2770
imagery_left_right_fist,eegnet_v4,default,ztrial,trial_random,20260918,trial0,3265,1633,2775,490,0.873201,0.828571,0.820576,21,27,2770
imagery_left_right_fist,eegnet_v4,default,ztrial,trial_random,20260918,trial1,3265,1633,2775,490,0.87075,0.814286,0.827924,27,33,2770
imagery_left_right_fist,eegnet_v4,default,ztrial,trial_random,20260918,trial2,3266,1632,2776,490,0.869565,0.82449,0.797181,28,34,2770
imagery_left_right_fist,eegnet_v4,default,ztrial,run_disjoint,20260916,run0,3262,1636,2772,490,0.862354,0.84898,0.791565,22,28,2770
imagery_left_right_fist,eegnet_v4,default,ztrial,run_disjoint,20260916,run1,3269,1629,2778,491,0.849495,0.841141,0.809699,19,25,2770
imagery_left_right_fist,eegnet_v4,default,ztrial,run_disjoint,20260916,run2,3265,1633,2775,490,0.856968,0.832653,0.805266,18,24,2770
imagery_left_right_fist,eegnet_v4,default,ztrial,run_disjoint,20260917,run0,3262,1636,2772,490,0.876763,0.826531,0.812958,30,36,2770
imagery_left_right_fist,eegnet_v4,default,ztrial,run_disjoint,20260917,run1,3269,1629,2778,491,0.874579,0.85336,0.820749,20,26,2770
imagery_left_right_fist,eegnet_v4,default,ztrial,run_disjoint,20260917,run2,3265,1633,2775,490,0.8634,0.826531,0.791182,22,28,2770
imagery_left_right_fist,eegnet_v4,default,ztrial,run_disjoint,20260918,run0,3262,1636,2772,490,0.851625,0.808163,0.800733,17,23,2770
imagery_left_right_fist,eegnet_v4,default,ztrial,run_disjoint,20260918,run1,3269,1629,2778,491,0.89171,0.802444,0.815224,39,40,2770
imagery_left_right_fist,eegnet_v4,default,ztrial,run_disjoint,20260918,run2,3265,1633,2775,490,0.863093,0.820408,0.806491,22,28,2770
imagery_left_right_fist,eegnet_v4,default,ztrial,subject_disjoint,20260916,subj0,3242,1656,2750,492,0.879704,0.796748,0.804952,37,40,2770
imagery_left_right_fist,eegnet_v4,default,ztrial,subject_disjoint,20260916,subj1,3280,1618,2785,495,0.877439,0.814141,0.764524,27,33,2770
imagery_left_right_fist,eegnet_v4,default,ztrial,subject_disjoint,20260916,subj2,3274,1624,2767,507,0.869884,0.869822,0.818966,25,31,2770
imagery_left_right_fist,eegnet_v4,default,ztrial,subject_disjoint,20260917,subj0,3224,1674,2734,490,0.878722,0.822449,0.831541,33,39,2770
imagery_left_right_fist,eegnet_v4,default,ztrial,subject_disjoint,20260917,subj1,3287,1611,2785,502,0.880134,0.810757,0.763501,18,24,2770
imagery_left_right_fist,eegnet_v4,default,ztrial,subject_disjoint,20260917,subj2,3285,1613,2795,490,0.876104,0.789796,0.796032,20,26,2770
imagery_left_right_fist,eegnet_v4,default,ztrial,subject_disjoint,20260918,subj0,3227,1671,2735,492,0.83886,0.780488,0.808498,16,22,2770
imagery_left_right_fist,eegnet_v4,default,ztrial,subject_disjoint,20260918,subj1,3288,1610,2793,495,0.895073,0.848485,0.778882,34,40,2770
imagery_left_right_fist,eegnet_v4,default,ztrial,subject_disjoint,20260918,subj2,3281,1617,2786,495,0.873514,0.80404,0.820037,26,32,2770
imagery_left_right_fist,shallow_fbcsp,default,ztrial,trial_random,20260916,trial0,3265,1633,2775,490,0.934763,0.755102,0.725658,14,20,106482
imagery_left_right_fist,shallow_fbcsp,default,ztrial,trial_random,20260916,trial1,3265,1633,2775,490,0.953446,0.757143,0.746479,20,26,106482
imagery_left_right_fist,shallow_fbcsp,default,ztrial,trial_random,20260916,trial2,3266,1632,2776,490,0.943968,0.742857,0.738971,17,23,106482
imagery_left_right_fist,shallow_fbcsp,default,ztrial,trial_random,20260917,trial0,3265,1633,2775,490,0.881164,0.718367,0.738518,9,15,106482
imagery_left_right_fist,shallow_fbcsp,default,ztrial,trial_random,20260917,trial1,3265,1633,2775,490,0.865237,0.720408,0.69504,10,16,106482
imagery_left_right_fist,shallow_fbcsp,default,ztrial,trial_random,20260917,trial2,3266,1632,2776,490,0.928965,0.777551,0.73223,13,19,106482
imagery_left_right_fist,shallow_fbcsp,default,ztrial,trial_random,20260918,trial0,3265,1633,2775,490,0.932006,0.763265,0.73117,14,20,106482
imagery_left_right_fist,shallow_fbcsp,default,ztrial,trial_random,20260918,trial1,3265,1633,2775,490,0.940888,0.757143,0.738518,16,22,106482
imagery_left_right_fist,shallow_fbcsp,default,ztrial,trial_random,20260918,trial2,3266,1632,2776,490,0.938763,0.728571,0.745711,15,21,106482
imagery_left_right_fist,shallow_fbcsp,default,ztrial,run_disjoint,20260916,run0,3262,1636,2772,490,0.879828,0.744898,0.722494,10,16,106482
imagery_left_right_fist,shallow_fbcsp,default,ztrial,run_disjoint,20260916,run1,3269,1629,2778,491,0.895993,0.733198,0.731737,10,16,106482
imagery_left_right_fist,shallow_fbcsp,default,ztrial,run_disjoint,20260916,run2,3265,1633,2775,490,0.942726,0.789796,0.744642,17,23,106482
imagery_left_right_fist,shallow_fbcsp,default,ztrial,run_disjoint,20260917,run0,3262,1636,2772,490,0.937155,0.740816,0.74511,17,23,106482
imagery_left_right_fist,shallow_fbcsp,default,ztrial,run_disjoint,20260917,run1,3269,1629,2778,491,0.936984,0.765784,0.739104,13,19,106482
imagery_left_right_fist,shallow_fbcsp,default,ztrial,run_disjoint,20260917,run2,3265,1633,2775,490,0.950995,0.746939,0.736681,19,25,106482
imagery_left_right_fist,shallow_fbcsp,default,ztrial,run_disjoint,20260918,run0,3262,1636,2772,490,0.887799,0.716327,0.745721,9,15,106482
imagery_left_right_fist,shallow_fbcsp,default,ztrial,run_disjoint,20260918,run1,3269,1629,2778,491,0.893851,0.739308,0.73849,12,18,106482
imagery_left_right_fist,shallow_fbcsp,default,ztrial,run_disjoint,20260918,run2,3265,1633,2775,490,0.911485,0.75102,0.725658,11,17,106482
imagery_left_right_fist,shallow_fbcsp,default,ztrial,subject_disjoint,20260916,subj0,3242,1656,2750,492,0.868908,0.662602,0.727053,8,14,106482
imagery_left_right_fist,shallow_fbcsp,default,ztrial,subject_disjoint,20260916,subj1,3280,1618,2785,495,0.895732,0.729293,0.692213,9,15,106482
imagery_left_right_fist,shallow_fbcsp,default,ztrial,subject_disjoint,20260916,subj2,3274,1624,2767,507,0.952046,0.739645,0.730911,24,30,106482
imagery_left_right_fist,shallow_fbcsp,default,ztrial,subject_disjoint,20260917,subj0,3224,1674,2734,490,0.92866,0.783673,0.741935,13,19,106482
imagery_left_right_fist,shallow_fbcsp,default,ztrial,subject_disjoint,20260917,subj1,3287,1611,2785,502,0.912078,0.691235,0.692117,12,18,106482
imagery_left_right_fist,shallow_fbcsp,default,ztrial,subject_disjoint,20260917,subj2,3285,1613,2795,490,0.906849,0.689796,0.698698,15,21,106482
imagery_left_right_fist,shallow_fbcsp,default,ztrial,subject_disjoint,20260918,subj0,3227,1671,2735,492,0.913232,0.721545,0.718731,13,19,106482
imagery_left_right_fist,shallow_fbcsp,default,ztrial,subject_disjoint,20260918,subj1,3288,1610,2793,495,0.948601,0.767677,0.709938,18,24,106482
imagery_left_right_fist,shallow_fbcsp,default,ztrial,subject_disjoint,20260918,subj2,3281,1617,2786,495,0.892716,0.749495,0.719852,12,18,106482
real_left_right_fist,eegnet_v4,default,ztrial,trial_random,20260916,trial0,3264,1633,2774,490,0.821691,0.781633,0.763013,18,24,2770
real_left_right_fist,eegnet_v4,default,ztrial,trial_random,20260916,trial1,3265,1632,2775,490,0.874732,0.840816,0.784314,31,37,2770
real_left_right_fist,eegnet_v4,default,ztrial,trial_random,20260916,trial2,3265,1632,2775,490,0.855743,0.846939,0.792279,20,26,2770
real_left_right_fist,eegnet_v4,default,ztrial,trial_random,20260917,trial0,3264,1633,2774,490,0.874387,0.810204,0.802817,34,40,2770
real_left_right_fist,eegnet_v4,default,ztrial,trial_random,20260917,trial1,3265,1632,2775,490,0.782848,0.722449,0.700368,14,20,2770
real_left_right_fist,eegnet_v4,default,ztrial,trial_random,20260917,trial2,3265,1632,2775,490,0.85268,0.812245,0.792892,28,34,2770
real_left_right_fist,eegnet_v4,default,ztrial,trial_random,20260918,trial0,3264,1633,2774,490,0.892463,0.836735,0.796693,40,40,2770
real_left_right_fist,eegnet_v4,default,ztrial,trial_random,20260918,trial1,3265,1632,2775,490,0.875345,0.822449,0.778799,33,39,2770
real_left_right_fist,eegnet_v4,default,ztrial,trial_random,20260918,trial2,3265,1632,2775,490,0.855436,0.771429,0.806373,25,31,2770
real_left_right_fist,eegnet_v4,default,ztrial,run_disjoint,20260916,run0,3260,1637,2771,489,0.849693,0.807771,0.792303,26,32,2770
real_left_right_fist,eegnet_v4,default,ztrial,run_disjoint,20260916,run1,3267,1630,2776,491,0.846954,0.780041,0.795706,22,28,2770
real_left_right_fist,eegnet_v4,default,ztrial,run_disjoint,20260916,run2,3267,1630,2776,491,0.860422,0.820774,0.77546,25,31,2770
real_left_right_fist,eegnet_v4,default,ztrial,run_disjoint,20260917,run0,3260,1637,2771,489,0.859509,0.797546,0.788638,31,37,2770
real_left_right_fist,eegnet_v4,default,ztrial,run_disjoint,20260917,run1,3267,1630,2776,491,0.863789,0.798371,0.801227,27,33,2770
real_left_right_fist,eegnet_v4,default,ztrial,run_disjoint,20260917,run2,3267,1630,2776,491,0.866238,0.794297,0.78773,26,32,2770
real_left_right_fist,eegnet_v4,default,ztrial,run_disjoint,20260918,run0,3260,1637,2771,489,0.882822,0.815951,0.821014,32,38,2770
real_left_right_fist,eegnet_v4,default,ztrial,run_disjoint,20260918,run1,3267,1630,2776,491,0.856443,0.806517,0.78773,28,34,2770
real_left_right_fist,eegnet_v4,default,ztrial,run_disjoint,20260918,run2,3267,1630,2776,491,0.874809,0.810591,0.792638,29,35,2770
real_left_right_fist,eegnet_v4,default,ztrial,subject_disjoint,20260916,subj0,3240,1657,2745,495,0.857407,0.773737,0.783947,25,31,2770
real_left_right_fist,eegnet_v4,default,ztrial,subject_disjoint,20260916,subj1,3280,1617,2785,495,0.870427,0.832323,0.752628,30,36,2770
real_left_right_fist,eegnet_v4,default,ztrial,subject_disjoint,20260916,subj2,3274,1623,2767,507,0.862859,0.83432,0.800986,33,39,2770
real_left_right_fist,eegnet_v4,default,ztrial,subject_disjoint,20260917,subj0,3219,1678,2727,492,0.816403,0.79065,0.755662,20,26,2770
real_left_right_fist,eegnet_v4,default,ztrial,subject_disjoint,20260917,subj1,3292,1605,2784,508,0.847813,0.801181,0.736449,24,30,2770
real_left_right_fist,eegnet_v4,default,ztrial,subject_disjoint,20260917,subj2,3283,1614,2794,489,0.891867,0.791411,0.801735,39,40,2770
real_left_right_fist,eegnet_v4,default,ztrial,subject_disjoint,20260918,subj0,3235,1662,2743,492,0.867697,0.784553,0.777978,36,40,2770
real_left_right_fist,eegnet_v4,default,ztrial,subject_disjoint,20260918,subj1,3289,1608,2797,492,0.882031,0.861789,0.7699,28,34,2770
real_left_right_fist,eegnet_v4,default,ztrial,subject_disjoint,20260918,subj2,3270,1627,2775,495,0.830887,0.757576,0.751076,24,30,2770
real_left_right_fist,shallow_fbcsp,default,ztrial,trial_random,20260916,trial0,3264,1633,2774,490,0.920956,0.736735,0.734844,14,20,106482
real_left_right_fist,shallow_fbcsp,default,ztrial,trial_random,20260916,trial1,3265,1632,2775,490,0.903828,0.732653,0.702819,14,20,106482
real_left_right_fist,shallow_fbcsp,default,ztrial,trial_random,20260916,trial2,3265,1632,2775,490,0.86585,0.742857,0.705882,7,13,106482
real_left_right_fist,shallow_fbcsp,default,ztrial,trial_random,20260917,trial0,3264,1633,2774,490,0.921875,0.736735,0.729333,16,22,106482
real_left_right_fist,shallow_fbcsp,default,ztrial,trial_random,20260917,trial1,3265,1632,2775,490,0.865544,0.734694,0.710784,7,13,106482
real_left_right_fist,shallow_fbcsp,default,ztrial,trial_random,20260917,trial2,3265,1632,2775,490,0.943032,0.753061,0.735907,16,22,106482
real_left_right_fist,shallow_fbcsp,default,ztrial,trial_random,20260918,trial0,3264,1633,2774,490,0.947304,0.767347,0.745867,18,24,106482
real_left_right_fist,shallow_fbcsp,default,ztrial,trial_random,20260918,trial1,3265,1632,2775,490,0.953752,0.742857,0.738971,21,27,106482
real_left_right_fist,shallow_fbcsp,default,ztrial,trial_random,20260918,trial2,3265,1632,2775,490,0.951302,0.736735,0.748162,24,30,106482
real_left_right_fist,shallow_fbcsp,default,ztrial,run_disjoint,20260916,run0,3260,1637,2771,489,0.896626,0.742331,0.704948,11,17,106482
real_left_right_fist,shallow_fbcsp,default,ztrial,run_disjoint,20260916,run1,3267,1630,2776,491,0.830119,0.725051,0.689571,6,12,106482
real_left_right_fist,shallow_fbcsp,default,ztrial,run_disjoint,20260916,run2,3267,1630,2776,491,0.908479,0.765784,0.716564,11,17,106482
real_left_right_fist,shallow_fbcsp,default,ztrial,run_disjoint,20260917,run0,3260,1637,2771,489,0.930368,0.736196,0.715944,15,21,106482
real_left_right_fist,shallow_fbcsp,default,ztrial,run_disjoint,20260917,run1,3267,1630,2776,491,0.888277,0.725051,0.722699,11,17,106482
real_left_right_fist,shallow_fbcsp,default,ztrial,run_disjoint,20260917,run2,3267,1630,2776,491,0.884298,0.735234,0.720859,8,14,106482
real_left_right_fist,shallow_fbcsp,default,ztrial,run_disjoint,20260918,run0,3260,1637,2771,489,0.947853,0.754601,0.737324,22,28,106482
real_left_right_fist,shallow_fbcsp,default,ztrial,run_disjoint,20260918,run1,3267,1630,2776,491,0.935721,0.712831,0.731902,21,27,106482
real_left_right_fist,shallow_fbcsp,default,ztrial,run_disjoint,20260918,run2,3267,1630,2776,491,0.848485,0.735234,0.686503,8,14,106482
real_left_right_fist,shallow_fbcsp,default,ztrial,subject_disjoint,20260916,subj0,3240,1657,2745,495,0.894444,0.668687,0.717562,11,17,106482
real_left_right_fist,shallow_fbcsp,default,ztrial,subject_disjoint,20260916,subj1,3280,1617,2785,495,0.930183,0.721212,0.709957,13,19,106482
real_left_right_fist,shallow_fbcsp,default,ztrial,subject_disjoint,20260916,subj2,3274,1623,2767,507,0.880269,0.714004,0.711645,9,15,106482
real_left_right_fist,shallow_fbcsp,default,ztrial,subject_disjoint,20260917,subj0,3219,1678,2727,492,0.859894,0.70122,0.716329,8,14,106482
real_left_right_fist,shallow_fbcsp,default,ztrial,subject_disjoint,20260917,subj1,3292,1605,2784,508,0.910693,0.714567,0.722118,11,17,106482
real_left_right_fist,shallow_fbcsp,default,ztrial,subject_disjoint,20260917,subj2,3283,1614,2794,489,0.925678,0.678937,0.714994,15,21,106482
real_left_right_fist,shallow_fbcsp,default,ztrial,subject_disjoint,20260918,subj0,3235,1662,2743,492,0.916229,0.699187,0.737665,13,19,106482
real_left_right_fist,shallow_fbcsp,default,ztrial,subject_disjoint,20260918,subj1,3289,1608,2797,492,0.920341,0.764228,0.70398,17,23,106482
real_left_right_fist,shallow_fbcsp,default,ztrial,subject_disjoint,20260918,subj2,3270,1627,2775,495,0.859327,0.707071,0.698218,9,15,106482
imagery_fists_feet,eegnet_v4,default,ztrial,trial_random,20260916,trial0,3264,1633,2774,490,0.757966,0.714286,0.687691,20,26,2770
imagery_fists_feet,eegnet_v4,default,ztrial,trial_random,20260916,trial1,3265,1632,2775,490,0.750689,0.697959,0.662377,15,21,2770
imagery_fists_feet,eegnet_v4,default,ztrial,trial_random,20260916,trial2,3265,1632,2775,490,0.780092,0.7,0.677083,21,27,2770
imagery_fists_feet,eegnet_v4,default,ztrial,trial_random,20260917,trial0,3264,1633,2774,490,0.730392,0.661224,0.687079,15,21,2770
imagery_fists_feet,eegnet_v4,default,ztrial,trial_random,20260917,trial1,3265,1632,2775,490,0.769066,0.712245,0.672181,16,22,2770
imagery_fists_feet,eegnet_v4,default,ztrial,trial_random,20260917,trial2,3265,1632,2775,490,0.74732,0.691837,0.683824,13,19,2770
imagery_fists_feet,eegnet_v4,default,ztrial,trial_random,20260918,trial0,3264,1633,2774,490,0.769914,0.702041,0.691978,18,24,2770
imagery_fists_feet,eegnet_v4,default,ztrial,trial_random,20260918,trial1,3265,1632,2775,490,0.74977,0.722449,0.695466,14,20,2770
imagery_fists_feet,eegnet_v4,default,ztrial,trial_random,20260918,trial2,3265,1632,2775,490,0.805513,0.740816,0.71201,31,37,2770
imagery_fists_feet,eegnet_v4,default,ztrial,run_disjoint,20260916,run0,3265,1632,2775,490,0.751302,0.712245,0.681373,15,21,2770
imagery_fists_feet,eegnet_v4,default,ztrial,run_disjoint,20260916,run1,3265,1632,2775,490,0.732312,0.683673,0.663603,13,19,2770
imagery_fists_feet,eegnet_v4,default,ztrial,run_disjoint,20260916,run2,3264,1633,2774,490,0.768382,0.744898,0.68218,16,22,2770
imagery_fists_feet,eegnet_v4,default,ztrial,run_disjoint,20260917,run0,3265,1632,2775,490,0.757734,0.702041,0.6875,17,23,2770
imagery_fists_feet,eegnet_v4,default,ztrial,run_disjoint,20260917,run1,3265,1632,2775,490,0.732619,0.685714,0.666667,10,16,2770
imagery_fists_feet,eegnet_v4,default,ztrial,run_disjoint,20260917,run2,3264,1633,2774,490,0.74326,0.689796,0.665646,11,17,2770
imagery_fists_feet,eegnet_v4,default,ztrial,run_disjoint,20260918,run0,3265,1632,2775,490,0.742113,0.695918,0.697917,13,19,2770
imagery_fists_feet,eegnet_v4,default,ztrial,run_disjoint,20260918,run1,3265,1632,2775,490,0.832466,0.761224,0.721201,34,40,2770
imagery_fists_feet,eegnet_v4,default,ztrial,run_disjoint,20260918,run2,3264,1633,2774,490,0.75674,0.72449,0.668096,16,22,2770
imagery_fists_feet,eegnet_v4,default,ztrial,subject_disjoint,20260916,subj0,3241,1656,2746,495,0.763962,0.644444,0.65942,17,23,2770
imagery_fists_feet,eegnet_v4,default,ztrial,subject_disjoint,20260916,subj1,3280,1617,2785,495,0.752439,0.70101,0.664193,15,21,2770
imagery_fists_feet,eegnet_v4,default,ztrial,subject_disjoint,20260916,subj2,3273,1624,2766,507,0.692637,0.615385,0.634852,9,15,2770
imagery_fists_feet,eegnet_v4,default,ztrial,subject_disjoint,20260917,subj0,3222,1675,2730,492,0.751707,0.729675,0.690149,15,21,2770
imagery_fists_feet,eegnet_v4,default,ztrial,subject_disjoint,20260917,subj1,3289,1608,2788,501,0.731225,0.662675,0.615672,11,17,2770
imagery_fists_feet,eegnet_v4,default,ztrial,subject_disjoint,20260917,subj2,3283,1614,2794,489,0.766677,0.711656,0.651797,15,21,2770
imagery_fists_feet,eegnet_v4,default,ztrial,subject_disjoint,20260918,subj0,3229,1668,2737,492,0.699907,0.691057,0.616906,7,13,2770
imagery_fists_feet,eegnet_v4,default,ztrial,subject_disjoint,20260918,subj1,3288,1609,2793,495,0.753345,0.666667,0.672467,18,24,2770
imagery_fists_feet,eegnet_v4,default,ztrial,subject_disjoint,20260918,subj2,3277,1620,2782,495,0.758926,0.713131,0.703086,19,25,2770
imagery_fists_feet,shallow_fbcsp,default,ztrial,trial_random,20260916,trial0,3264,1633,2774,490,0.780331,0.671429,0.627067,6,12,106482
imagery_fists_feet,shallow_fbcsp,default,ztrial,trial_random,20260916,trial1,3265,1632,2775,490,0.861868,0.685714,0.650735,10,16,106482
imagery_fists_feet,shallow_fbcsp,default,ztrial,trial_random,20260916,trial2,3265,1632,2775,490,0.819602,0.681633,0.655637,7,13,106482
imagery_fists_feet,shallow_fbcsp,default,ztrial,trial_random,20260917,trial0,3264,1633,2774,490,0.913909,0.683673,0.669933,15,21,106482
imagery_fists_feet,shallow_fbcsp,default,ztrial,trial_random,20260917,trial1,3265,1632,2775,490,0.935069,0.665306,0.665441,20,26,106482
imagery_fists_feet,shallow_fbcsp,default,ztrial,trial_random,20260917,trial2,3265,1632,2775,490,0.943645,0.677551,0.658088,23,29,106482
imagery_fists_feet,shallow_fbcsp,default,ztrial,trial_random,20260918,trial0,3264,1633,2774,490,0.877757,0.64898,0.6485,12,18,106482
imagery_fists_feet,shallow_fbcsp,default,ztrial,trial_random,20260918,trial1,3265,1632,2775,490,0.798775,0.661224,0.625613,10,16,106482
imagery_fists_feet,shallow_fbcsp,default,ztrial,trial_random,20260918,trial2,3265,1632,2775,490,0.819908,0.671429,0.636029,7,13,106482
imagery_fists_feet,shallow_fbcsp,default,ztrial,run_disjoint,20260916,run0,3265,1632,2775,490,0.930168,0.683673,0.646446,18,24,106482
imagery_fists_feet,shallow_fbcsp,default,ztrial,run_disjoint,20260916,run1,3265,1632,2775,490,0.785299,0.655102,0.63848,5,11,106482
imagery_fists_feet,shallow_fbcsp,default,ztrial,run_disjoint,20260916,run2,3264,1633,2774,490,0.824142,0.683673,0.631966,8,14,106482
imagery_fists_feet,shallow_fbcsp,default,ztrial,run_disjoint,20260917,run0,3265,1632,2775,490,0.888208,0.669388,0.642157,13,19,106482
imagery_fists_feet,shallow_fbcsp,default,ztrial,run_disjoint,20260917,run1,3265,1632,2775,490,0.841348,0.65102,0.645221,9,15,106482
imagery_fists_feet,shallow_fbcsp,default,ztrial,run_disjoint,20260917,run2,3264,1633,2774,490,0.948223,0.702041,0.65891,22,28,106482
imagery_fists_feet,shallow_fbcsp,default,ztrial,run_disjoint,20260918,run0,3265,1632,2775,490,0.868606,0.685714,0.666667,13,19,106482
imagery_fists_feet,shallow_fbcsp,default,ztrial,run_disjoint,20260918,run1,3265,1632,2775,490,0.871057,0.659184,0.635417,11,17,106482
imagery_fists_feet,shallow_fbcsp,default,ztrial,run_disjoint,20260918,run2,3264,1633,2774,490,0.927083,0.702041,0.641764,17,23,106482
imagery_fists_feet,shallow_fbcsp,default,ztrial,subject_disjoint,20260916,subj0,3241,1656,2746,495,0.802222,0.630303,0.637077,6,12,106482
imagery_fists_feet,shallow_fbcsp,default,ztrial,subject_disjoint,20260916,subj1,3280,1617,2785,495,0.825,0.705051,0.620903,7,13,106482
imagery_fists_feet,shallow_fbcsp,default,ztrial,subject_disjoint,20260916,subj2,3273,1624,2766,507,0.832875,0.637081,0.652094,9,15,106482
imagery_fists_feet,shallow_fbcsp,default,ztrial,subject_disjoint,20260917,subj0,3222,1675,2730,492,0.896338,0.715447,0.660896,13,19,106482
imagery_fists_feet,shallow_fbcsp,default,ztrial,subject_disjoint,20260917,subj1,3289,1608,2788,501,0.729097,0.61477,0.598259,6,12,106482
imagery_fists_feet,shallow_fbcsp,default,ztrial,subject_disjoint,20260917,subj2,3283,1614,2794,489,0.856229,0.658487,0.623916,10,16,106482
imagery_fists_feet,shallow_fbcsp,default,ztrial,subject_disjoint,20260918,subj0,3229,1668,2737,492,0.687829,0.642276,0.573141,2,8,106482
imagery_fists_feet,shallow_fbcsp,default,ztrial,subject_disjoint,20260918,subj1,3288,1609,2793,495,0.907543,0.660606,0.6445,13,19,106482
imagery_fists_feet,shallow_fbcsp,default,ztrial,subject_disjoint,20260918,subj2,3277,1620,2782,495,0.90357,0.662626,0.645062,17,23,106482
real_fists_feet,eegnet_v4,default,ztrial,trial_random,20260916,trial0,3252,1627,2764,488,0.839483,0.764344,0.767056,30,36,2770
real_fists_feet,eegnet_v4,default,ztrial,trial_random,20260916,trial1,3253,1626,2765,488,0.837381,0.770492,0.743542,30,36,2770
real_fists_feet,eegnet_v4,default,ztrial,trial_random,20260916,trial2,3253,1626,2765,488,0.78174,0.713115,0.707872,18,24,2770
real_fists_feet,eegnet_v4,default,ztrial,trial_random,20260917,trial0,3252,1627,2764,488,0.792128,0.735656,0.714198,20,26,2770
real_fists_feet,eegnet_v4,default,ztrial,trial_random,20260917,trial1,3253,1626,2765,488,0.875807,0.805328,0.778598,38,40,2770
real_fists_feet,eegnet_v4,default,ztrial,trial_random,20260917,trial2,3253,1626,2765,488,0.858285,0.80123,0.758918,39,40,2770
real_fists_feet,eegnet_v4,default,ztrial,trial_random,20260918,trial0,3252,1627,2764,488,0.814268,0.754098,0.746773,21,27,2770
real_fists_feet,eegnet_v4,default,ztrial,trial_random,20260918,trial1,3253,1626,2765,488,0.831848,0.776639,0.731242,27,33,2770
real_fists_feet,eegnet_v4,default,ztrial,trial_random,20260918,trial2,3253,1626,2765,488,0.807255,0.72541,0.731857,22,28,2770
real_fists_feet,eegnet_v4,default,ztrial,run_disjoint,20260916,run0,3260,1619,2771,489,0.72546,0.707566,0.66399,12,18,2770
real_fists_feet,eegnet_v4,default,ztrial,run_disjoint,20260916,run1,3249,1630,2761,488,0.799631,0.704918,0.750307,17,23,2770
real_fists_feet,eegnet_v4,default,ztrial,run_disjoint,20260916,run2,3249,1630,2761,488,0.781471,0.69877,0.684049,17,23,2770
real_fists_feet,eegnet_v4,default,ztrial,run_disjoint,20260917,run0,3260,1619,2771,489,0.773313,0.725971,0.694256,22,28,2770
real_fists_feet,eegnet_v4,default,ztrial,run_disjoint,20260917,run1,3249,1630,2761,488,0.763004,0.709016,0.715337,10,16,2770
real_fists_feet,eegnet_v4,default,ztrial,run_disjoint,20260917,run2,3249,1630,2761,488,0.850108,0.754098,0.734356,30,36,2770
real_fists_feet,eegnet_v4,default,ztrial,run_disjoint,20260918,run0,3260,1619,2771,489,0.738037,0.695297,0.688079,13,19,2770
real_fists_feet,eegnet_v4,default,ztrial,run_disjoint,20260918,run1,3249,1630,2761,488,0.837796,0.727459,0.782822,34,40,2770
real_fists_feet,eegnet_v4,default,ztrial,run_disjoint,20260918,run2,3249,1630,2761,488,0.855956,0.797131,0.746012,35,40,2770
real_fists_feet,eegnet_v4,default,ztrial,subject_disjoint,20260916,subj0,3229,1650,2745,484,0.830288,0.692149,0.701818,18,24,2770
real_fists_feet,eegnet_v4,default,ztrial,subject_disjoint,20260916,subj1,3262,1617,2767,495,0.727161,0.69899,0.65368,8,14,2770
real_fists_feet,eegnet_v4,default,ztrial,subject_disjoint,20260916,subj2,3267,1612,2760,507,0.733701,0.690335,0.676179,13,19,2770
real_fists_feet,eegnet_v4,default,ztrial,subject_disjoint,20260917,subj0,3208,1671,2716,492,0.852244,0.70122,0.726511,28,34,2770
real_fists_feet,eegnet_v4,default,ztrial,subject_disjoint,20260917,subj1,3285,1594,2784,501,0.742466,0.654691,0.628607,9,15,2770
real_fists_feet,eegnet_v4,default,ztrial,subject_disjoint,20260917,subj2,3265,1614,2776,489,0.812864,0.764826,0.700743,14,20,2770
real_fists_feet,eegnet_v4,default,ztrial,subject_disjoint,20260918,subj0,3217,1662,2725,492,0.766553,0.697154,0.669675,12,18,2770
real_fists_feet,eegnet_v4,default,ztrial,subject_disjoint,20260918,subj1,3282,1597,2790,492,0.813528,0.729675,0.692549,21,27,2770
real_fists_feet,eegnet_v4,default,ztrial,subject_disjoint,20260918,subj2,3259,1620,2764,495,0.729058,0.654545,0.658642,11,17,2770
real_fists_feet,shallow_fbcsp,default,ztrial,trial_random,20260916,trial0,3252,1627,2764,488,0.945572,0.741803,0.746773,20,26,106482
real_fists_feet,shallow_fbcsp,default,ztrial,trial_random,20260916,trial1,3253,1626,2765,488,0.877959,0.733607,0.704182,9,15,106482
real_fists_feet,shallow_fbcsp,default,ztrial,trial_random,20260916,trial2,3253,1626,2765,488,0.892714,0.719262,0.731242,11,17,106482
real_fists_feet,shallow_fbcsp,default,ztrial,trial_random,20260917,trial0,3252,1627,2764,488,0.942497,0.77459,0.738783,20,26,106482
real_fists_feet,shallow_fbcsp,default,ztrial,trial_random,20260917,trial1,3253,1626,2765,488,0.938518,0.772541,0.706642,16,22,106482
real_fists_feet,shallow_fbcsp,default,ztrial,trial_random,20260917,trial2,3253,1626,2765,488,0.900707,0.772541,0.725092,9,15,106482
real_fists_feet,shallow_fbcsp,default,ztrial,trial_random,20260918,trial0,3252,1627,2764,488,0.909594,0.764344,0.72772,12,18,106482
real_fists_feet,shallow_fbcsp,default,ztrial,trial_random,20260918,trial1,3253,1626,2765,488,0.959729,0.80123,0.755843,20,26,106482
real_fists_feet,shallow_fbcsp,default,ztrial,trial_random,20260918,trial2,3253,1626,2765,488,0.912696,0.711066,0.735547,12,18,106482
real_fists_feet,shallow_fbcsp,default,ztrial,run_disjoint,20260916,run0,3260,1619,2771,489,0.960429,0.801636,0.770846,32,38,106482
real_fists_feet,shallow_fbcsp,default,ztrial,run_disjoint,20260916,run1,3249,1630,2761,488,0.927978,0.719262,0.719632,17,23,106482
real_fists_feet,shallow_fbcsp,default,ztrial,run_disjoint,20260916,run2,3249,1630,2761,488,0.964297,0.786885,0.749693,31,37,106482
real_fists_feet,shallow_fbcsp,default,ztrial,run_disjoint,20260917,run0,3260,1619,2771,489,0.899693,0.756646,0.751699,13,19,106482
real_fists_feet,shallow_fbcsp,default,ztrial,run_disjoint,20260917,run1,3249,1630,2761,488,0.959988,0.764344,0.753374,27,33,106482
real_fists_feet,shallow_fbcsp,default,ztrial,run_disjoint,20260917,run2,3249,1630,2761,488,0.911357,0.762295,0.729448,12,18,106482
real_fists_feet,shallow_fbcsp,default,ztrial,run_disjoint,20260918,run0,3260,1619,2771,489,0.930675,0.750511,0.74861,15,21,106482
real_fists_feet,shallow_fbcsp,default,ztrial,run_disjoint,20260918,run1,3249,1630,2761,488,0.951062,0.752049,0.739877,20,26,106482
real_fists_feet,shallow_fbcsp,default,ztrial,run_disjoint,20260918,run2,3249,1630,2761,488,0.939674,0.756148,0.740491,17,23,106482
real_fists_feet,shallow_fbcsp,default,ztrial,subject_disjoint,20260916,subj0,3229,1650,2745,484,0.890369,0.669421,0.685455,11,17,106482
real_fists_feet,shallow_fbcsp,default,ztrial,subject_disjoint,20260916,subj1,3262,1617,2767,495,0.938381,0.749495,0.674088,18,24,106482
real_fists_feet,shallow_fbcsp,default,ztrial,subject_disjoint,20260916,subj2,3267,1612,2760,507,0.868687,0.727811,0.724566,9,15,106482
real_fists_feet,shallow_fbcsp,default,ztrial,subject_disjoint,20260917,subj0,3208,1671,2716,492,0.838529,0.715447,0.690006,8,14,106482
real_fists_feet,shallow_fbcsp,default,ztrial,subject_disjoint,20260917,subj1,3285,1594,2784,501,0.88554,0.684631,0.675031,10,16,106482
real_fists_feet,shallow_fbcsp,default,ztrial,subject_disjoint,20260917,subj2,3265,1614,2776,489,0.956815,0.777096,0.703222,24,30,106482
real_fists_feet,shallow_fbcsp,default,ztrial,subject_disjoint,20260918,subj0,3217,1662,2725,492,0.939695,0.739837,0.731649,16,22,106482
real_fists_feet,shallow_fbcsp,default,ztrial,subject_disjoint,20260918,subj1,3282,1597,2790,492,0.885131,0.743902,0.691296,12,18,106482
real_fists_feet,shallow_fbcsp,default,ztrial,subject_disjoint,20260918,subj2,3259,1620,2764,495,0.864989,0.686869,0.67716,15,21,106482
