task,model,width,n_params,acc_P0,acc_P2,d02_mean,d02_ci_low,d02_ci_high,d02_p,train_test_gap_P0,train_test_gap_P2,n
imagery_fists_feet,eegnet_v4,2,646,0.630543,0.553926,0.0766164,0.0503858,0.103626,1.54867e-06,0.050236,0.032804,109
imagery_fists_feet,eegnet_v4,4,1322,0.644931,0.640205,0.00472589,-0.0121279,0.0213491,0.522867,0.0566593,0.062821,109
imagery_fists_feet,eegnet_v4,8,2770,0.674773,0.659987,0.0147858,-0.00239454,0.0334471,0.264357,0.0894443,0.0917787,109
imagery_fists_feet,eegnet_v4,16,6050,0.675824,0.662005,0.0138191,-0.00286877,0.0303636,0.1067,0.100573,0.122133,109
imagery_fists_feet,eegnet_v4,32,14146,0.690138,0.665439,0.0246982,0.00989181,0.0399117,0.00333575,0.130892,0.131541,109
imagery_fists_feet,eegnet_v4,spearman_d02_vs_width,,,,-0.1,,,0.872889,,,5
imagery_left_right_fist,eegnet_v4,2,646,0.724732,0.601791,0.12294,0.0995824,0.145809,5.23426e-15,0.0266533,0.0249163,109
imagery_left_right_fist,eegnet_v4,4,1322,0.803168,0.768402,0.0347655,0.0192023,0.0502461,0.000350146,0.043588,0.061598,109
imagery_left_right_fist,eegnet_v4,8,2770,0.797731,0.792068,0.00566256,-0.00683781,0.0180728,0.397809,0.060948,0.0772567,109
imagery_left_right_fist,eegnet_v4,16,6050,0.776529,0.740677,0.0358516,0.0200896,0.0518674,3.59306e-05,0.103098,0.099115,109
imagery_left_right_fist,eegnet_v4,32,14146,0.804776,0.781296,0.0234799,0.0100208,0.0365968,0.00153585,0.12199,0.14769,109
imagery_left_right_fist,eegnet_v4,spearman_d02_vs_width,,,,-0.5,,,0.391002,,,5
paradigm_mean,eegnet_v4,2,646,0.67786,0.589463,0.0883979,0.0767884,0.0993359,3.91014e-18,0.0407572,0.0370902,109
paradigm_mean,eegnet_v4,4,1322,0.72831,0.71062,0.0176903,0.00977327,0.025855,2.10521e-05,0.0522934,0.0690272,109
paradigm_mean,eegnet_v4,8,2770,0.749832,0.729716,0.0201155,0.0121672,0.0284309,2.43729e-05,0.0724567,0.0858702,109
paradigm_mean,eegnet_v4,16,6050,0.742906,0.716512,0.0263938,0.0171627,0.0353522,5.45331e-07,0.109962,0.11977,109
paradigm_mean,eegnet_v4,32,14146,0.750142,0.729181,0.0209605,0.0132145,0.0286186,1.45132e-06,0.135898,0.156255,109
paradigm_mean,eegnet_v4,spearman_d02_vs_width,,,,-0.1,,,0.872889,,,5
real_fists_feet,eegnet_v4,2,646,0.670135,0.606352,0.0637831,0.039536,0.0880337,8.86195e-06,0.0464237,0.035405,109
real_fists_feet,eegnet_v4,4,1322,0.721428,0.704015,0.0174133,0.000808683,0.0337598,0.107526,0.0504293,0.101222,109
real_fists_feet,eegnet_v4,8,2770,0.734168,0.684097,0.0500708,0.0298527,0.0707292,3.83772e-05,0.0694967,0.0859397,109
real_fists_feet,eegnet_v4,16,6050,0.761799,0.703266,0.0585325,0.0395345,0.0776317,3.25942e-07,0.115187,0.136677,109
real_fists_feet,eegnet_v4,32,14146,0.746281,0.720461,0.0258197,0.00819399,0.0430751,0.0274324,0.142655,0.182237,109
real_fists_feet,eegnet_v4,spearman_d02_vs_width,,,,-0.3,,,0.623838,,,5
real_left_right_fist,eegnet_v4,2,646,0.686032,0.59578,0.0902514,0.0639215,0.118655,4.13571e-09,0.039716,0.0552357,109
real_left_right_fist,eegnet_v4,4,1322,0.743714,0.729858,0.0138564,-0.00118737,0.0297555,0.073246,0.058497,0.0504677,109
real_left_right_fist,eegnet_v4,8,2770,0.792655,0.782712,0.00994292,-0.00296633,0.0227941,0.447264,0.0699377,0.0885057,109
real_left_right_fist,eegnet_v4,16,6050,0.757472,0.7601,-0.00262809,-0.0169994,0.0112735,0.664723,0.120989,0.121154,109
real_left_right_fist,eegnet_v4,32,14146,0.759374,0.749529,0.00984439,-0.00324922,0.0228657,0.242123,0.148054,0.163552,109
real_left_right_fist,eegnet_v4,spearman_d02_vs_width,,,,-0.9,,,0.0373861,,,5
imagery_fists_feet,shallow_fbcsp,5,2112,0.636314,0.59873,0.0375843,0.0162747,0.0598515,0.00394642,0.0970043,0.104447,109
imagery_fists_feet,shallow_fbcsp,10,7422,0.674512,0.651681,0.0228307,0.00562753,0.0397915,0.0154272,0.158562,0.12711,109
imagery_fists_feet,shallow_fbcsp,20,27642,0.659272,0.651713,0.00755905,-0.00802052,0.0228719,0.378532,0.200935,0.151111,109
imagery_fists_feet,shallow_fbcsp,40,106482,0.645251,0.637535,0.00771592,-0.010281,0.0250647,0.339465,0.176121,0.183341,109
imagery_fists_feet,shallow_fbcsp,80,417762,0.653823,0.627412,0.0264114,0.0117432,0.0408426,0.000991895,0.26526,0.20761,109
imagery_fists_feet,shallow_fbcsp,spearman_d02_vs_width,,,,-0.3,,,0.623838,,,5
imagery_left_right_fist,shallow_fbcsp,5,2112,0.71129,0.692558,0.0187323,0.00389598,0.0349172,0.0324754,0.086869,0.0693193,109
imagery_left_right_fist,shallow_fbcsp,10,7422,0.732735,0.714315,0.0184199,0.00190181,0.0348979,0.036803,0.136583,0.12316,109
imagery_left_right_fist,shallow_fbcsp,20,27642,0.716154,0.696585,0.0195693,0.0017789,0.0367319,0.021383,0.147095,0.170391,109
imagery_left_right_fist,shallow_fbcsp,40,106482,0.737186,0.716615,0.0205708,0.00580218,0.0350753,0.00264762,0.207023,0.188836,109
imagery_left_right_fist,shallow_fbcsp,80,417762,0.723565,0.717119,0.00644573,-0.00828704,0.0211184,0.322076,0.223663,0.233779,109
imagery_left_right_fist,shallow_fbcsp,spearman_d02_vs_width,,,,-0.1,,,0.872889,,,5
paradigm_mean,shallow_fbcsp,5,2112,0.696512,0.661463,0.0350487,0.02647,0.0436373,5.19867e-11,0.0874999,0.0941179,109
paradigm_mean,shallow_fbcsp,10,7422,0.716688,0.693397,0.0232905,0.0145976,0.0325297,7.00208e-06,0.136749,0.127285,109
paradigm_mean,shallow_fbcsp,20,27642,0.70545,0.689609,0.0158408,0.00777277,0.0239986,0.000471324,0.163622,0.168169,109
paradigm_mean,shallow_fbcsp,40,106482,0.706068,0.690616,0.0154517,0.00865514,0.0223506,0.000125344,0.185881,0.191299,109
paradigm_mean,shallow_fbcsp,80,417762,0.702996,0.686716,0.0162799,0.00838714,0.0243773,0.000157331,0.235023,0.215798,109
paradigm_mean,shallow_fbcsp,spearman_d02_vs_width,,,,-0.7,,,0.18812,,,5
real_fists_feet,shallow_fbcsp,5,2112,0.727879,0.67039,0.0574883,0.0387936,0.075468,7.72495e-08,0.085155,0.128753,109
real_fists_feet,shallow_fbcsp,10,7422,0.737603,0.700061,0.0375414,0.0179809,0.0579745,0.000856032,0.12769,0.156157,109
real_fists_feet,shallow_fbcsp,20,27642,0.737386,0.697626,0.0397602,0.0222174,0.0585408,0.00017172,0.155959,0.17789,109
real_fists_feet,shallow_fbcsp,40,106482,0.727457,0.695091,0.0323662,0.0182905,0.0471441,6.67331e-05,0.178016,0.204443,109
real_fists_feet,shallow_fbcsp,80,417762,0.723147,0.690229,0.0329183,0.0145257,0.0509798,0.00118616,0.215211,0.208558,109
real_fists_feet,shallow_fbcsp,spearman_d02_vs_width,,,,-0.8,,,0.104088,,,5
real_left_right_fist,shallow_fbcsp,5,2112,0.710563,0.684173,0.02639,0.011246,0.0415987,0.000887176,0.0809713,0.0739523,109
real_left_right_fist,shallow_fbcsp,10,7422,0.721901,0.707531,0.0143702,-0.000628725,0.0296027,0.12633,0.124159,0.102714,109
real_left_right_fist,shallow_fbcsp,20,27642,0.708989,0.712514,-0.0035251,-0.0197645,0.01189,0.673543,0.150498,0.173282,109
real_left_right_fist,shallow_fbcsp,40,106482,0.714378,0.713224,0.00115371,-0.0156725,0.0190564,0.962093,0.182363,0.188577,109
real_left_right_fist,shallow_fbcsp,80,417762,0.711451,0.712106,-0.000655752,-0.0151627,0.0136028,0.849423,0.23596,0.213246,109
real_left_right_fist,shallow_fbcsp,spearman_d02_vs_width,,,,-0.7,,,0.18812,,,5
