task,model,N,d,n_draws,inflation_mean,ci_low,ci_high,sd
imagery_fists_feet,csp_lda,9,6,10,0.0136375,-0.00567,0.0303451,0.0311587
imagery_fists_feet,csp_lda,18,6,10,-0.0076351,-0.0323809,0.013854,0.0390789
imagery_fists_feet,csp_lda,36,6,10,-0.0114125,-0.0227493,-0.000963235,0.0188382
imagery_fists_feet,csp_lda,72,6,10,-0.0274253,-0.0430722,-0.0135421,0.0256345
imagery_fists_feet,csp_lda,109,6,1,0.006119,nan,nan,
imagery_fists_feet,riemann_ts_lr,9,8,10,-0.091321,-0.108732,-0.0743183,0.0287864
imagery_fists_feet,riemann_ts_lr,9,32,10,0.0526158,0.0101966,0.0934743,0.0708674
imagery_fists_feet,riemann_ts_lr,9,128,10,0.086548,0.047624,0.122612,0.062309
imagery_fists_feet,riemann_ts_lr,9,2080,10,0.0874598,0.052857,0.120669,0.058402
imagery_fists_feet,riemann_ts_lr,18,8,10,-0.0481956,-0.0576108,-0.0391767,0.0162585
imagery_fists_feet,riemann_ts_lr,18,32,10,0.0290113,0.0087931,0.0523771,0.0381351
imagery_fists_feet,riemann_ts_lr,18,128,10,0.0758786,0.0503224,0.103075,0.0454709
imagery_fists_feet,riemann_ts_lr,18,512,10,0.0861738,0.0664401,0.106299,0.0336098
imagery_fists_feet,riemann_ts_lr,18,2080,10,0.0891813,0.0727215,0.106018,0.0282166
imagery_fists_feet,riemann_ts_lr,36,8,10,-0.0243024,-0.0339338,-0.0145242,0.0167585
imagery_fists_feet,riemann_ts_lr,36,32,10,-0.0798444,-0.101656,-0.0565737,0.0365158
imagery_fists_feet,riemann_ts_lr,36,128,10,0.0694291,0.0580689,0.082151,0.0206572
imagery_fists_feet,riemann_ts_lr,36,512,10,0.0695457,0.0579711,0.0805089,0.0193172
imagery_fists_feet,riemann_ts_lr,36,2080,10,0.0688375,0.0572995,0.0800133,0.019722
imagery_fists_feet,riemann_ts_lr,72,8,10,-0.0236045,-0.0280061,-0.0195189,0.00742755
imagery_fists_feet,riemann_ts_lr,72,32,10,-0.0413608,-0.0489765,-0.0330041,0.0138091
imagery_fists_feet,riemann_ts_lr,72,128,10,0.0621323,0.0554576,0.0675384,0.0105477
imagery_fists_feet,riemann_ts_lr,72,512,10,0.0643977,0.0579135,0.0701343,0.0104735
imagery_fists_feet,riemann_ts_lr,72,2080,10,0.0550487,0.0479097,0.0633306,0.0135052
imagery_fists_feet,riemann_ts_lr,109,8,1,-0.01845,nan,nan,
imagery_fists_feet,riemann_ts_lr,109,32,1,-0.0332,nan,nan,
imagery_fists_feet,riemann_ts_lr,109,128,1,0.030709,nan,nan,
imagery_fists_feet,riemann_ts_lr,109,512,1,0.058447,nan,nan,
imagery_fists_feet,riemann_ts_lr,109,2080,1,0.042486,nan,nan,
imagery_left_right_fist,csp_lda,9,6,10,-0.0314486,-0.0503296,-0.0131899,0.0299371
imagery_left_right_fist,csp_lda,18,6,10,-0.0284629,-0.040292,-0.0157678,0.021056
imagery_left_right_fist,csp_lda,36,6,10,-0.0351136,-0.0482938,-0.0224559,0.0220117
imagery_left_right_fist,csp_lda,72,6,10,-0.0381408,-0.0458867,-0.0306238,0.013221
imagery_left_right_fist,csp_lda,109,6,1,-0.072454,nan,nan,
imagery_left_right_fist,riemann_ts_lr,9,8,10,-0.0634374,-0.0721761,-0.0546714,0.0154515
imagery_left_right_fist,riemann_ts_lr,9,32,10,0.0243418,-0.00527486,0.0463451,0.0446115
imagery_left_right_fist,riemann_ts_lr,9,128,10,0.0720289,0.0566209,0.0855944,0.0244072
imagery_left_right_fist,riemann_ts_lr,9,2080,10,0.0703324,0.0538999,0.0869703,0.0283304
imagery_left_right_fist,riemann_ts_lr,18,8,10,-0.0419564,-0.0491936,-0.0350516,0.011915
imagery_left_right_fist,riemann_ts_lr,18,32,10,-0.0177405,-0.0322633,-0.00528845,0.0224998
imagery_left_right_fist,riemann_ts_lr,18,128,10,0.0527875,0.0460333,0.060016,0.0121819
imagery_left_right_fist,riemann_ts_lr,18,512,10,0.045204,0.0304876,0.0602803,0.0257716
imagery_left_right_fist,riemann_ts_lr,18,2080,10,0.0513431,0.0364448,0.065265,0.0253664
imagery_left_right_fist,riemann_ts_lr,36,8,10,-0.0315019,-0.0380378,-0.025434,0.0113369
imagery_left_right_fist,riemann_ts_lr,36,32,10,-0.0666054,-0.0757676,-0.0583553,0.0147315
imagery_left_right_fist,riemann_ts_lr,36,128,10,0.073394,0.066194,0.0799673,0.0118951
imagery_left_right_fist,riemann_ts_lr,36,512,10,0.0720381,0.0636327,0.0832579,0.0168988
imagery_left_right_fist,riemann_ts_lr,36,2080,10,0.0624988,0.0512268,0.0752336,0.0210913
imagery_left_right_fist,riemann_ts_lr,72,8,10,-0.0257792,-0.0311492,-0.0190387,0.0105655
imagery_left_right_fist,riemann_ts_lr,72,32,10,-0.0411871,-0.0454838,-0.0370849,0.00714828
imagery_left_right_fist,riemann_ts_lr,72,128,10,0.0473522,0.0383908,0.0552617,0.0147313
imagery_left_right_fist,riemann_ts_lr,72,512,10,0.0577082,0.0508975,0.0642059,0.0115448
imagery_left_right_fist,riemann_ts_lr,72,2080,10,0.0526639,0.0449213,0.061972,0.0150728
imagery_left_right_fist,riemann_ts_lr,109,8,1,-0.017698,nan,nan,
imagery_left_right_fist,riemann_ts_lr,109,32,1,-0.020439,nan,nan,
imagery_left_right_fist,riemann_ts_lr,109,128,1,0.023072,nan,nan,
imagery_left_right_fist,riemann_ts_lr,109,512,1,0.066548,nan,nan,
imagery_left_right_fist,riemann_ts_lr,109,2080,1,0.055383,nan,nan,
real_fists_feet,csp_lda,9,6,10,0.0226723,-0.00215152,0.0464218,0.0407456
real_fists_feet,csp_lda,18,6,10,-0.0029995,-0.010533,0.00421717,0.0124717
real_fists_feet,csp_lda,36,6,10,-0.0109284,-0.0298656,0.00777018,0.0324715
real_fists_feet,csp_lda,72,6,10,-0.0089232,-0.0191888,0.00167787,0.0182683
real_fists_feet,csp_lda,109,6,1,0.004894,nan,nan,
real_fists_feet,riemann_ts_lr,9,8,10,-0.0583421,-0.0737223,-0.0415147,0.0277928
real_fists_feet,riemann_ts_lr,9,32,10,0.167592,0.124041,0.206534,0.0722751
real_fists_feet,riemann_ts_lr,9,128,10,0.186799,0.15079,0.220759,0.0597823
real_fists_feet,riemann_ts_lr,9,2080,10,0.200494,0.169714,0.234228,0.0554359
real_fists_feet,riemann_ts_lr,18,8,10,-0.0358134,-0.0447416,-0.0264011,0.0152985
real_fists_feet,riemann_ts_lr,18,32,10,0.0934415,0.0710655,0.113817,0.0374016
real_fists_feet,riemann_ts_lr,18,128,10,0.164243,0.141845,0.18858,0.038315
real_fists_feet,riemann_ts_lr,18,512,10,0.190742,0.155695,0.242112,0.0765584
real_fists_feet,riemann_ts_lr,18,2080,10,0.170902,0.150651,0.190512,0.0347904
real_fists_feet,riemann_ts_lr,36,8,10,-0.0245888,-0.0348792,-0.0161219,0.0153
real_fists_feet,riemann_ts_lr,36,32,10,-0.0684589,-0.0787372,-0.059735,0.0157777
real_fists_feet,riemann_ts_lr,36,128,10,0.134743,0.121305,0.148292,0.0227452
real_fists_feet,riemann_ts_lr,36,512,10,0.126576,0.112385,0.141023,0.0248572
real_fists_feet,riemann_ts_lr,36,2080,10,0.130846,0.116054,0.145764,0.0258324
real_fists_feet,riemann_ts_lr,72,8,10,-0.0154857,-0.0211054,-0.00944629,0.00991596
real_fists_feet,riemann_ts_lr,72,32,10,-0.0350548,-0.0450596,-0.026723,0.0156623
real_fists_feet,riemann_ts_lr,72,128,10,0.115035,0.105657,0.124715,0.0161705
real_fists_feet,riemann_ts_lr,72,512,10,0.118114,0.112405,0.123622,0.0095003
real_fists_feet,riemann_ts_lr,72,2080,10,0.110534,0.104519,0.117047,0.0109668
real_fists_feet,riemann_ts_lr,109,8,1,-0.006357,nan,nan,
real_fists_feet,riemann_ts_lr,109,32,1,-0.017432,nan,nan,
real_fists_feet,riemann_ts_lr,109,128,1,0.084728,nan,nan,
real_fists_feet,riemann_ts_lr,109,512,1,0.114523,nan,nan,
real_fists_feet,riemann_ts_lr,109,2080,1,0.107829,nan,nan,
real_left_right_fist,csp_lda,9,6,10,-0.0098292,-0.0290673,0.00876787,0.0321452
real_left_right_fist,csp_lda,18,6,10,-0.0343206,-0.0538161,-0.016416,0.0318808
real_left_right_fist,csp_lda,36,6,10,-0.0152219,-0.0221869,-0.00914667,0.0111079
real_left_right_fist,csp_lda,72,6,10,-0.0235085,-0.0303998,-0.0157881,0.0125876
real_left_right_fist,csp_lda,109,6,1,-0.027809,nan,nan,
real_left_right_fist,riemann_ts_lr,9,8,10,-0.0780992,-0.0964664,-0.0580421,0.0323753
real_left_right_fist,riemann_ts_lr,9,32,10,0.0543983,0.0252769,0.0859178,0.0514448
real_left_right_fist,riemann_ts_lr,9,128,10,0.118228,0.0998493,0.140081,0.0329816
real_left_right_fist,riemann_ts_lr,9,2080,10,0.115081,0.0928248,0.138291,0.0372474
real_left_right_fist,riemann_ts_lr,18,8,10,-0.0609056,-0.0700907,-0.0520063,0.0151826
real_left_right_fist,riemann_ts_lr,18,32,10,-0.0206507,-0.0270005,-0.0132674,0.0117253
real_left_right_fist,riemann_ts_lr,18,128,10,0.106495,0.0928415,0.121462,0.0243194
real_left_right_fist,riemann_ts_lr,18,512,10,0.113903,0.0955327,0.131718,0.0314999
real_left_right_fist,riemann_ts_lr,18,2080,10,0.115408,0.0958612,0.133887,0.0334931
real_left_right_fist,riemann_ts_lr,36,8,10,-0.034719,-0.0397911,-0.0303312,0.0081573
real_left_right_fist,riemann_ts_lr,36,32,10,-0.0644871,-0.0691549,-0.0594963,0.0082514
real_left_right_fist,riemann_ts_lr,36,128,10,0.102153,0.0889911,0.112989,0.020759
real_left_right_fist,riemann_ts_lr,36,512,10,0.109336,0.0986516,0.119385,0.0180507
real_left_right_fist,riemann_ts_lr,36,2080,10,0.104027,0.0943325,0.113801,0.0167049
real_left_right_fist,riemann_ts_lr,72,8,10,-0.0192947,-0.0251339,-0.0140313,0.00963433
real_left_right_fist,riemann_ts_lr,72,32,10,-0.0353836,-0.0414857,-0.0288842,0.010594
real_left_right_fist,riemann_ts_lr,72,128,10,0.0720702,0.0671478,0.0772248,0.0086284
real_left_right_fist,riemann_ts_lr,72,512,10,0.0885654,0.0822711,0.0943717,0.0102739
real_left_right_fist,riemann_ts_lr,72,2080,10,0.0877569,0.0820072,0.0953159,0.011641
real_left_right_fist,riemann_ts_lr,109,8,1,-0.02197,nan,nan,
real_left_right_fist,riemann_ts_lr,109,32,1,-0.02472,nan,nan,
real_left_right_fist,riemann_ts_lr,109,128,1,0.044333,nan,nan,
real_left_right_fist,riemann_ts_lr,109,512,1,0.069168,nan,nan,
real_left_right_fist,riemann_ts_lr,109,2080,1,0.05546,nan,nan,
imagery_fists_feet,riemann_ts_lr,ols,intercept,195,-0.104268,-0.185571,-0.00877192,
imagery_fists_feet,riemann_ts_lr,ols,log2N,195,0.00490853,-0.0128849,0.020055,
imagery_fists_feet,riemann_ts_lr,ols,log2d,195,0.0255508,0.0135192,0.0374389,
imagery_fists_feet,riemann_ts_lr,ols,log2N_x_log2d,195,-0.00195505,-0.00410479,0.000303439,
imagery_left_right_fist,riemann_ts_lr,ols,intercept,195,-0.0709626,-0.117766,-0.015183,
imagery_left_right_fist,riemann_ts_lr,ols,log2N,195,-0.0010481,-0.0118302,0.00792657,
imagery_left_right_fist,riemann_ts_lr,ols,log2d,195,0.0157138,0.00857519,0.0221676,
imagery_left_right_fist,riemann_ts_lr,ols,log2N_x_log2d,195,-0.000352461,-0.00158333,0.00102466,
real_fists_feet,riemann_ts_lr,ols,intercept,195,-0.0146167,-0.112193,0.109061,
real_fists_feet,riemann_ts_lr,ols,log2N,195,-0.0134186,-0.0362625,0.00488543,
real_fists_feet,riemann_ts_lr,ols,log2d,195,0.0344324,0.0203328,0.0480166,
real_fists_feet,riemann_ts_lr,ols,log2N_x_log2d,195,-0.00214433,-0.00462325,0.00044885,
real_left_right_fist,riemann_ts_lr,ols,intercept,195,-0.123348,-0.19292,-0.0462809,
real_left_right_fist,riemann_ts_lr,ols,log2N,195,0.00496851,-0.00927142,0.0177463,
real_left_right_fist,riemann_ts_lr,ols,log2d,195,0.0303464,0.0207816,0.0404037,
real_left_right_fist,riemann_ts_lr,ols,log2N_x_log2d,195,-0.00193736,-0.00381982,-0.000113013,
