task,C,acc_trial_random,acc_trial_random_ci_low,acc_trial_random_ci_high,acc_run_disjoint,acc_run_disjoint_ci_low,acc_run_disjoint_ci_high,acc_subject_disjoint,acc_subject_disjoint_ci_low,acc_subject_disjoint_ci_high,d12_mean,d12_ci_low,d12_ci_high,d12_p,d02_mean,d02_ci_low,d02_ci_high,d02_p,n
imagery_fists_feet,0.0001,0.54147,0.527749,0.556575,0.605897,0.584686,0.628815,0.581708,0.563957,0.600765,0.0241891,0.0146056,0.0338833,1.05256e-05,-0.0402384,-0.0527092,-0.0271538,1.20821e-07,109
imagery_fists_feet,0.001,0.594556,0.57144,0.618405,0.630836,0.607295,0.656379,0.606569,0.583975,0.630482,0.0242676,0.0160419,0.0326892,2.86756e-07,-0.0120123,-0.0212089,-0.00269986,0.0148212,109
imagery_fists_feet,0.01,0.64288,0.617225,0.668445,0.678412,0.653112,0.702805,0.618511,0.596381,0.641947,0.0599002,0.0481919,0.0715188,1.95516e-14,0.0243685,0.0121971,0.0367019,0.00105955,109
imagery_fists_feet,0.1,0.655918,0.630798,0.680636,0.677731,0.653099,0.702039,0.60643,0.586092,0.627528,0.071301,0.0540354,0.0885607,1.05707e-11,0.0494878,0.033573,0.0659404,1.0227e-07,109
imagery_fists_feet,1.0,0.631104,0.608803,0.654525,0.644013,0.622016,0.666942,0.587492,0.571531,0.604192,0.0565205,0.0422446,0.0717053,8.82115e-11,0.043612,0.0299226,0.0582364,1.01395e-07,109
imagery_fists_feet,10.0,0.608673,0.588988,0.629461,0.62509,0.604238,0.646865,0.575885,0.562235,0.589963,0.0492049,0.0352477,0.0646462,1.20613e-08,0.0327877,0.0207551,0.0465969,8.87253e-06,109
imagery_fists_feet,100.0,0.603953,0.585163,0.624265,0.621115,0.599748,0.642792,0.57098,0.557483,0.584958,0.0501354,0.0360566,0.0657097,3.37934e-09,0.0329734,0.0216593,0.0465454,2.69471e-06,109
imagery_fists_feet,1000.0,0.61059,0.590668,0.631464,0.622725,0.602868,0.643335,0.576552,0.562268,0.591328,0.0461729,0.0321239,0.0618966,1.33774e-07,0.0340381,0.0216465,0.0478407,2.4014e-05,109
imagery_fists_feet,spearman_d12_vs_x,,,,,,,,,,0.214286,,,0.610344,,,,,8
imagery_left_right_fist,0.0001,0.529388,0.519271,0.539664,0.569987,0.553064,0.587816,0.560691,0.54479,0.577498,0.00929537,0.00306182,0.0154741,0.0134213,-0.0313035,-0.0434895,-0.0197868,3.67076e-06,109
imagery_left_right_fist,0.001,0.574474,0.556578,0.595216,0.616674,0.595422,0.640134,0.598192,0.579045,0.618997,0.0184826,0.00954095,0.0281851,0.000834235,-0.0237179,-0.0332311,-0.0141821,6.98058e-06,109
imagery_left_right_fist,0.01,0.640663,0.615278,0.66686,0.675477,0.649391,0.701991,0.615803,0.593986,0.639168,0.0596743,0.0441058,0.0770204,4.35089e-11,0.0248601,0.0107388,0.0406167,0.0101593,109
imagery_left_right_fist,0.1,0.668114,0.642964,0.693043,0.684265,0.659353,0.70849,0.616813,0.595817,0.638316,0.0674521,0.0495082,0.0842879,2.73315e-11,0.0513006,0.03521,0.0676947,2.51147e-08,109
imagery_left_right_fist,1.0,0.646735,0.625562,0.66811,0.653323,0.630125,0.676608,0.599659,0.581917,0.618289,0.0536641,0.0373146,0.0697981,9.07466e-09,0.0470756,0.0333335,0.0610501,1.97716e-09,109
imagery_left_right_fist,10.0,0.62194,0.603792,0.640862,0.625526,0.604456,0.646253,0.584976,0.570069,0.601508,0.0405494,0.0261002,0.0544878,3.70762e-06,0.036963,0.024848,0.0488678,4.52226e-08,109
imagery_left_right_fist,100.0,0.617277,0.59922,0.635919,0.621681,0.601171,0.643231,0.583829,0.568866,0.600167,0.0378514,0.0230807,0.0524009,1.33054e-05,0.0334481,0.0215315,0.0456916,3.85303e-07,109
imagery_left_right_fist,1000.0,0.626069,0.607176,0.645253,0.62548,0.605031,0.646163,0.590052,0.574674,0.606414,0.0354284,0.0211837,0.049658,1.84833e-05,0.0360169,0.023556,0.047996,4.27969e-07,109
imagery_left_right_fist,spearman_d12_vs_x,,,,,,,,,,0.190476,,,0.651401,,,,,8
paradigm_mean,0.0001,0.547564,0.538234,0.557703,0.601664,0.588513,0.615783,0.588351,0.577038,0.600383,0.0133126,0.00816547,0.018465,1.59867e-06,-0.040787,-0.0474812,-0.03418,8.46732e-17,109
paradigm_mean,0.001,0.607374,0.591809,0.624223,0.646373,0.629257,0.66508,0.620928,0.605218,0.637938,0.0254451,0.0197928,0.0315441,2.2074e-12,-0.0135537,-0.0192223,-0.00769774,4.39004e-05,109
paradigm_mean,0.01,0.677587,0.657427,0.698405,0.703884,0.684246,0.723481,0.639779,0.622678,0.657263,0.0641047,0.0553204,0.0733546,8.47438e-19,0.0378084,0.0287235,0.0477186,1.82751e-11,109
paradigm_mean,0.1,0.707178,0.687609,0.727486,0.715498,0.69703,0.734022,0.637294,0.620579,0.654032,0.078204,0.068177,0.0882986,2.16131e-19,0.0698844,0.0593403,0.0810383,2.00788e-18,109
paradigm_mean,1.0,0.685487,0.668108,0.703278,0.688173,0.670661,0.705511,0.620273,0.605936,0.634592,0.0679,0.0579289,0.0774284,4.9199e-19,0.0652141,0.055831,0.0744755,6.81975e-19,109
paradigm_mean,10.0,0.662774,0.646552,0.679187,0.666965,0.650668,0.683107,0.607334,0.594749,0.619976,0.0596313,0.0503116,0.0688551,1.89802e-17,0.0554397,0.0468371,0.0638793,7.2999e-19,109
paradigm_mean,100.0,0.658493,0.6429,0.674547,0.66239,0.645826,0.678423,0.604903,0.592413,0.61736,0.0574876,0.0484784,0.0663912,3.62962e-17,0.0535904,0.0453026,0.0617068,1.05229e-18,109
paradigm_mean,1000.0,0.667319,0.651155,0.68343,0.670121,0.653715,0.68582,0.609664,0.596502,0.622272,0.0604568,0.0512751,0.0698766,1.46224e-17,0.0576544,0.0488231,0.0662153,1.37823e-18,109
paradigm_mean,spearman_d12_vs_x,,,,,,,,,,0.309524,,,0.455645,,,,,8
real_fists_feet,0.0001,0.588067,0.570191,0.607866,0.627008,0.603306,0.651995,0.608875,0.588988,0.629995,0.0181331,0.00772093,0.0284454,0.00167106,-0.0208086,-0.0319409,-0.00997215,0.00142381,109
real_fists_feet,0.001,0.66349,0.639788,0.689439,0.697071,0.671676,0.724259,0.657888,0.634733,0.682419,0.0391837,0.0294885,0.0495138,9.98367e-12,0.0056018,-0.004034,0.0149912,0.419916,109
real_fists_feet,0.01,0.737744,0.711181,0.76493,0.750053,0.72455,0.775984,0.669845,0.64584,0.696149,0.0802074,0.0646018,0.0965387,4.02327e-14,0.0678992,0.0525664,0.0842265,8.44957e-12,109
real_fists_feet,0.1,0.773827,0.746665,0.800472,0.766721,0.742028,0.791339,0.66859,0.645037,0.693429,0.0981305,0.080108,0.116367,1.11803e-15,0.105237,0.0868176,0.12405,4.45977e-17,109
real_fists_feet,1.0,0.751188,0.726227,0.775259,0.74506,0.720813,0.770136,0.653214,0.631227,0.676013,0.0918462,0.0742542,0.110033,1.09095e-15,0.0979744,0.0810586,0.114266,1.40548e-17,109
real_fists_feet,10.0,0.730556,0.706842,0.754635,0.728128,0.703087,0.752631,0.641347,0.621334,0.661773,0.0867813,0.0704237,0.103935,5.49118e-15,0.0892095,0.0740315,0.104333,1.66567e-17,109
real_fists_feet,100.0,0.727086,0.703404,0.750398,0.725069,0.699682,0.749971,0.640192,0.620446,0.660237,0.0848768,0.0689671,0.101448,2.59371e-14,0.0868937,0.072396,0.101166,6.0589e-18,109
real_fists_feet,1000.0,0.736193,0.712422,0.760029,0.737071,0.712848,0.760997,0.644116,0.623883,0.665082,0.0929548,0.0761911,0.110754,1.18336e-15,0.0920765,0.0763091,0.108282,1.01261e-17,109
real_fists_feet,spearman_d12_vs_x,,,,,,,,,,0.666667,,,0.0709877,,,,,8
real_left_right_fist,0.0001,0.531334,0.521425,0.542129,0.603764,0.585072,0.623911,0.602131,0.584298,0.62064,0.00163276,-0.00843365,0.0120256,0.489454,-0.0707975,-0.0855372,-0.0556217,1.5494e-13,109
real_left_right_fist,0.001,0.596978,0.581363,0.613593,0.640911,0.619924,0.66215,0.621064,0.60045,0.640244,0.0198467,0.00998965,0.0299962,0.000452941,-0.0240864,-0.034863,-0.0125665,0.000187055,109
real_left_right_fist,0.01,0.689062,0.665761,0.710345,0.711593,0.688274,0.733989,0.654956,0.632052,0.677559,0.056637,0.0403732,0.073936,6.07758e-09,0.0341059,0.0192698,0.050558,0.000548184,109
real_left_right_fist,0.1,0.730854,0.708318,0.752289,0.733273,0.71089,0.754252,0.657341,0.636312,0.679023,0.0759323,0.0581293,0.0943202,6.12692e-12,0.0735126,0.0554993,0.0931193,5.93101e-12,109
real_left_right_fist,1.0,0.712923,0.69305,0.731729,0.710297,0.690284,0.729261,0.640728,0.62224,0.658957,0.0695694,0.0537836,0.0856455,1.90613e-12,0.0721944,0.0575603,0.0879444,1.42851e-15,109
real_left_right_fist,10.0,0.689926,0.671181,0.707888,0.689117,0.670115,0.706992,0.627128,0.610772,0.643875,0.0619894,0.0474381,0.0769357,1.71653e-11,0.0627984,0.0496931,0.0768721,2.74878e-14,109
real_left_right_fist,100.0,0.685657,0.667652,0.703282,0.681697,0.662848,0.69885,0.62461,0.60872,0.640519,0.0570866,0.0427928,0.0719834,2.00511e-10,0.0610464,0.0483777,0.0750396,9.78429e-14,109
real_left_right_fist,1000.0,0.696423,0.678283,0.713604,0.695208,0.675811,0.713338,0.627937,0.611064,0.644556,0.0672709,0.0522985,0.0827641,7.35372e-13,0.0684861,0.0548308,0.0828726,9.21348e-16,109
real_left_right_fist,spearman_d12_vs_x,,,,,,,,,,0.595238,,,0.11953,,,,,8
